Repository,Artifact Digest,CVE,Package,Current Version,Fixed in version,Severity,CWE Ids,Additional Data,Scanner
library/golang,sha256:2af0a96902abbe2f6c14d2e4beb9180d14bd9c406e605da8a472a6dae409995c,CVE-2025-9232,libssl3,3.3.2-r4,3.3.5-r0,Low,CWE-125,"{""CVSS"": {""redhat"": {""V3Score"": 3.1, ""V3Vector"": ""CVSS:3.1/AV:N/AC:H/PR:N/UI:R/S:U/C:N/I:N/A:L""}}}",Trivy
library/golang,sha256:2af0a96902abbe2f6c14d2e4beb9180d14bd9c406e605da8a472a6dae409995c,CVE-2026-31789,libcrypto3,3.3.2-r4,3.3.7-r0,Low,CWE-787,,Trivy
library/nginx,sha256:86d1d130d9ed716b96c63669f19ca4b67d7ef7412dae09c04ce3ba03169f2a05,CVE-2022-0563,libmount1,2.41-5,,Low,CWE-209,"{""CVSS"": {""nvd"": {""V2Score"": 1.9, ""V3Score"": 5.5, ""V2Vector"": ""AV:L/AC:M/Au:N/C:P/I:N/A:N"", ""V3Vector"": ""CVSS:3.1/AV:L/AC:L/PR:L/UI:N/S:U/C:H/I:N/A:N""}, ""redhat"": {""V3Score"": 5.5, ""V3Vector"": ""CVSS:3.1/AV:L/AC:L/PR:L/UI:N/S:U/C:H/I:N/A:N""}}}",Trivy
library/nginx,sha256:86d1d130d9ed716b96c63669f19ca4b67d7ef7412dae09c04ce3ba03169f2a05,CVE-2026-3184,util-linux,2.41-5,,Low,CWE-289,"{""CVSS"": {""redhat"": {""V3Score"": 3.7, ""V3Vector"": ""CVSS:3.1/AV:N/AC:H/PR:N/UI:N/S:U/C:N/I:L/A:N""}}}",Trivy
library/golang,sha256:2af0a96902abbe2f6c14d2e4beb9180d14bd9c406e605da8a472a6dae409995c,CVE-2026-22796,libssl3,3.3.2-r4,3.3.6-r0,Medium,CWE-754,"{""CVSS"": {""redhat"": {""V3Score"": 5.9, ""V3Vector"": ""CVSS:3.1/AV:N/AC:H/PR:N/UI:N/S:U/C:N/I:N/A:H""}}}",Trivy
library/nginx,sha256:86d1d130d9ed716b96c63669f19ca4b67d7ef7412dae09c04ce3ba03169f2a05,CVE-2023-31437,libudev1,257.9-1~deb13u1,,Low,CWE-354,"{""CVSS"": {""nvd"": {""V3Score"": 5.3, ""V3Vector"": ""CVSS:3.1/AV:N/AC:L/PR:N/UI:N/S:U/C:N/I:L/A:N""}}}",Trivy
library/nginx,sha256:86d1d130d9ed716b96c63669f19ca4b67d7ef7412dae09c04ce3ba03169f2a05,CVE-2026-28390,openssl,3.5.5-1~deb13u1,3.5.5-1~deb13u2,High,CWE-476,"{""CVSS"": {""redhat"": {""V3Score"": 7.5, ""V3Vector"": ""CVSS:3.1/AV:N/AC:L/PR:N/UI:N/S:U/C:N/I:N/A:H""}}}",Trivy
library/golang,sha256:2af0a96902abbe2f6c14d2e4beb9180d14bd9c406e605da8a472a6dae409995c,CVE-2025-15468,libssl3,3.3.2-r4,3.3.6-r0,Medium,CWE-476,"{""CVSS"": {""redhat"": {""V3Score"": 5.9, ""V3Vector"": ""CVSS:3.1/AV:N/AC:H/PR:N/UI:N/S:U/C:N/I:N/A:H""}}}",Trivy
library/golang,sha256:2af0a96902abbe2f6c14d2e4beb9180d14bd9c406e605da8a472a6dae409995c,CVE-2025-46394,ssl_client,1.37.0-r9,1.37.0-r14,Low,CWE-451,"{""CVSS"": {""nvd"": {""V3Score"": 3.3, ""V3Vector"": ""CVSS:3.1/AV:L/AC:L/PR:L/UI:N/S:U/C:N/I:L/A:N""}}}",Trivy
library/nginx,sha256:86d1d130d9ed716b96c63669f19ca4b67d7ef7412dae09c04ce3ba03169f2a05,CVE-2025-10911,libxslt1.1,1.1.35-1.2+deb13u2,,Medium,CWE-825,"{""CVSS"": {""redhat"": {""V3Score"": 5.5, ""V3Vector"": ""CVSS:3.1/AV:L/AC:L/PR:N/UI:R/S:U/C:N/I:N/A:H""}}}",Trivy
library/nginx,sha256:86d1d130d9ed716b96c63669f19ca4b67d7ef7412dae09c04ce3ba03169f2a05,CVE-2022-0563,libsmartcols1,2.41-5,,Low,CWE-209,"{""CVSS"": {""nvd"": {""V2Score"": 1.9, ""V3Score"": 5.5, ""V2Vector"": ""AV:L/AC:M/Au:N/C:P/I:N/A:N"", ""V3Vector"": ""CVSS:3.1/AV:L/AC:L/PR:L/UI:N/S:U/C:H/I:N/A:N""}, ""redhat"": {""V3Score"": 5.5, ""V3Vector"": ""CVSS:3.1/AV:L/AC:L/PR:L/UI:N/S:U/C:H/I:N/A:N""}}}",Trivy
library/nginx,sha256:86d1d130d9ed716b96c63669f19ca4b67d7ef7412dae09c04ce3ba03169f2a05,CVE-2017-18018,coreutils,9.7-3,,Low,CWE-362,"{""CVSS"": {""nvd"": {""V2Score"": 1.9, ""V3Score"": 4.7, ""V2Vector"": ""AV:L/AC:M/Au:N/C:N/I:P/A:N"", ""V3Vector"": ""CVSS:3.0/AV:L/AC:H/PR:L/UI:N/S:U/C:N/I:H/A:N""}, ""redhat"": {""V3Score"": 4.2, ""V3Vector"": ""CVSS:3.0/AV:L/AC:H/PR:L/UI:R/S:U/C:L/I:L/A:L""}}}",Trivy
library/nginx,sha256:86d1d130d9ed716b96c63669f19ca4b67d7ef7412dae09c04ce3ba03169f2a05,CVE-2026-31789,libssl3t64,3.5.5-1~deb13u1,3.5.5-1~deb13u2,Low,CWE-787,,Trivy
library/nginx,sha256:86d1d130d9ed716b96c63669f19ca4b67d7ef7412dae09c04ce3ba03169f2a05,CVE-2022-0563,libblkid1,2.41-5,,Low,CWE-209,"{""CVSS"": {""nvd"": {""V2Score"": 1.9, ""V3Score"": 5.5, ""V2Vector"": ""AV:L/AC:M/Au:N/C:P/I:N/A:N"", ""V3Vector"": ""CVSS:3.1/AV:L/AC:L/PR:L/UI:N/S:U/C:H/I:N/A:N""}, ""redhat"": {""V3Score"": 5.5, ""V3Vector"": ""CVSS:3.1/AV:L/AC:L/PR:L/UI:N/S:U/C:H/I:N/A:N""}}}",Trivy
library/nginx,sha256:86d1d130d9ed716b96c63669f19ca4b67d7ef7412dae09c04ce3ba03169f2a05,CVE-2011-3374,libapt-pkg7.0,3.0.3,,Low,CWE-347,"{""CVSS"": {""nvd"": {""V2Score"": 4.3, ""V3Score"": 3.7, ""V2Vector"": ""AV:N/AC:M/Au:N/C:N/I:P/A:N"", ""V3Vector"": ""CVSS:3.1/AV:N/AC:H/PR:N/UI:N/S:U/C:N/I:L/A:N""}}}",Trivy
library/golang,sha256:2af0a96902abbe2f6c14d2e4beb9180d14bd9c406e605da8a472a6dae409995c,CVE-2025-61730,stdlib,v1.22.12,"1.24.12, 1.25.6",Medium,,"{""CVSS"": {""bitnami"": {""V3Score"": 5.3, ""V3Vector"": ""CVSS:3.1/AV:N/AC:L/PR:N/UI:N/S:U/C:L/I:N/A:N""}}}",Trivy
library/golang,sha256:2af0a96902abbe2f6c14d2e4beb9180d14bd9c406e605da8a472a6dae409995c,CVE-2026-31789,libssl3,3.3.2-r4,3.3.7-r0,Low,CWE-787,,Trivy
library/nginx,sha256:86d1d130d9ed716b96c63669f19ca4b67d7ef7412dae09c04ce3ba03169f2a05,CVE-2010-4756,libc6,2.41-12+deb13u2,,Low,CWE-399,"{""CVSS"": {""nvd"": {""V2Score"": 4, ""V2Vector"": ""AV:N/AC:L/Au:S/C:N/I:N/A:P""}, ""redhat"": {""V2Score"": 5, ""V2Vector"": ""AV:N/AC:L/Au:N/C:N/I:N/A:P""}}}",Trivy
library/nginx,sha256:86d1d130d9ed716b96c63669f19ca4b67d7ef7412dae09c04ce3ba03169f2a05,CVE-2026-0989,libxml2,2.12.7+dfsg+really2.9.14-2.1+deb13u2,,Low,CWE-674,"{""CVSS"": {""redhat"": {""V3Score"": 3.7, ""V3Vector"": ""CVSS:3.1/AV:N/AC:H/PR:N/UI:N/S:U/C:N/I:N/A:L""}}}",Trivy
library/nginx,sha256:86d1d130d9ed716b96c63669f19ca4b67d7ef7412dae09c04ce3ba03169f2a05,CVE-2021-4214,libpng16-16t64,1.6.48-1+deb13u4,,Low,"CWE-120,CWE-787","{""CVSS"": {""nvd"": {""V3Score"": 5.5, ""V3Vector"": ""CVSS:3.1/AV:L/AC:L/PR:N/UI:R/S:U/C:N/I:N/A:H""}, ""redhat"": {""V3Score"": 5.5, ""V3Vector"": ""CVSS:3.1/AV:L/AC:L/PR:N/UI:R/S:U/C:N/I:N/A:H""}}}",Trivy
library/nginx,sha256:86d1d130d9ed716b96c63669f19ca4b67d7ef7412dae09c04ce3ba03169f2a05,CVE-2025-14819,curl,8.14.1-2+deb13u2,,Medium,CWE-295,"{""CVSS"": {""redhat"": {""V3Score"": 6.8, ""V3Vector"": ""CVSS:3.1/AV:N/AC:H/PR:N/UI:R/S:U/C:H/I:H/A:N""}}}",Trivy
library/golang,sha256:2af0a96902abbe2f6c14d2e4beb9180d14bd9c406e605da8a472a6dae409995c,CVE-2025-0913,stdlib,v1.22.12,"1.23.10, 1.24.4",Medium,CWE-59,"{""CVSS"": {""bitnami"": {""V3Score"": 5.5, ""V3Vector"": ""CVSS:3.1/AV:L/AC:L/PR:L/UI:N/S:U/C:N/I:H/A:N""}}}",Trivy
library/golang,sha256:2af0a96902abbe2f6c14d2e4beb9180d14bd9c406e605da8a472a6dae409995c,CVE-2025-22873,stdlib,v1.22.12,"1.23.9, 1.24.3",Medium,CWE-23,"{""CVSS"": {""redhat"": {""V3Score"": 5.3, ""V3Vector"": ""CVSS:3.1/AV:N/AC:L/PR:N/UI:N/S:U/C:L/I:N/A:N""}, ""bitnami"": {""V3Score"": 3.8, ""V3Vector"": ""CVSS:3.1/AV:L/AC:L/PR:L/UI:N/S:C/C:L/I:N/A:N""}}}",Trivy
library/nginx,sha256:86d1d130d9ed716b96c63669f19ca4b67d7ef7412dae09c04ce3ba03169f2a05,CVE-2025-69720,ncurses-base,6.5+20250216-2,,High,"CWE-121,CWE-120","{""CVSS"": {""nvd"": {""V3Score"": 7.8, ""V3Vector"": ""CVSS:3.1/AV:L/AC:L/PR:N/UI:R/S:U/C:H/I:H/A:H""}, ""redhat"": {""V3Score"": 7.8, ""V3Vector"": ""CVSS:3.1/AV:L/AC:L/PR:L/UI:N/S:U/C:H/I:H/A:H""}}}",Trivy
library/nginx,sha256:86d1d130d9ed716b96c63669f19ca4b67d7ef7412dae09c04ce3ba03169f2a05,CVE-2022-0563,mount,2.41-5,,Low,CWE-209,"{""CVSS"": {""nvd"": {""V2Score"": 1.9, ""V3Score"": 5.5, ""V2Vector"": ""AV:L/AC:M/Au:N/C:P/I:N/A:N"", ""V3Vector"": ""CVSS:3.1/AV:L/AC:L/PR:L/UI:N/S:U/C:H/I:N/A:N""}, ""redhat"": {""V3Score"": 5.5, ""V3Vector"": ""CVSS:3.1/AV:L/AC:L/PR:L/UI:N/S:U/C:H/I:N/A:N""}}}",Trivy
library/golang,sha256:2af0a96902abbe2f6c14d2e4beb9180d14bd9c406e605da8a472a6dae409995c,CVE-2025-69418,libssl3,3.3.2-r4,3.3.6-r0,Medium,CWE-325,"{""CVSS"": {""redhat"": {""V3Score"": 4, ""V3Vector"": ""CVSS:3.1/AV:L/AC:H/PR:N/UI:N/S:U/C:L/I:L/A:N""}}}",Trivy
library/nginx,sha256:86d1d130d9ed716b96c63669f19ca4b67d7ef7412dae09c04ce3ba03169f2a05,CVE-2026-0992,libxml2,2.12.7+dfsg+really2.9.14-2.1+deb13u2,,Low,CWE-400,"{""CVSS"": {""redhat"": {""V3Score"": 2.9, ""V3Vector"": ""CVSS:3.1/AV:L/AC:H/PR:N/UI:N/S:U/C:N/I:N/A:L""}}}",Trivy
library/lmhinnel/flappy,sha256:79f3d67a6fa16be7d9e108aa4ae123a436f54f83b4a413f63862a75be4f78b97,CVE-2026-32280,stdlib,1.26.1,"1.25.9, 1.26.2",Unknown,CWE-770,,Trivy
library/lmhinnel/flappy,sha256:79f3d67a6fa16be7d9e108aa4ae123a436f54f83b4a413f63862a75be4f78b97,CVE-2024-56433,passwd,1:4.13+dfsg1-4ubuntu3.2,,Low,CWE-1188,"{""CVSS"": {""redhat"": {""V3Score"": 3.6, ""V3Vector"": ""CVSS:3.1/AV:L/AC:H/PR:L/UI:N/S:U/C:L/I:L/A:N""}}}",Trivy
library/nginx,sha256:86d1d130d9ed716b96c63669f19ca4b67d7ef7412dae09c04ce3ba03169f2a05,CVE-2022-0563,bsdutils,1:2.41-5,,Low,CWE-209,"{""CVSS"": {""nvd"": {""V2Score"": 1.9, ""V3Score"": 5.5, ""V2Vector"": ""AV:L/AC:M/Au:N/C:P/I:N/A:N"", ""V3Vector"": ""CVSS:3.1/AV:L/AC:L/PR:L/UI:N/S:U/C:H/I:N/A:N""}, ""redhat"": {""V3Score"": 5.5, ""V3Vector"": ""CVSS:3.1/AV:L/AC:L/PR:L/UI:N/S:U/C:H/I:N/A:N""}}}",Trivy
library/nginx,sha256:86d1d130d9ed716b96c63669f19ca4b67d7ef7412dae09c04ce3ba03169f2a05,CVE-2020-15719,libldap2,2.6.10+dfsg-1,,Low,CWE-295,"{""CVSS"": {""nvd"": {""V2Score"": 4, ""V3Score"": 4.2, ""V2Vector"": ""AV:N/AC:H/Au:N/C:P/I:P/A:N"", ""V3Vector"": ""CVSS:3.1/AV:N/AC:H/PR:N/UI:R/S:U/C:L/I:L/A:N""}, ""redhat"": {""V3Score"": 4.2, ""V3Vector"": ""CVSS:3.1/AV:N/AC:H/PR:N/UI:R/S:U/C:L/I:L/A:N""}, ""bitnami"": {""V3Score"": 4.2, ""V3Vector"": ""CVSS:3.1/AV:N/AC:H/PR:N/UI:R/S:U/C:L/I:L/A:N""}}}",Trivy
library/nginx,sha256:86d1d130d9ed716b96c63669f19ca4b67d7ef7412dae09c04ce3ba03169f2a05,CVE-2019-9192,libc6,2.41-12+deb13u2,,Low,CWE-674,"{""CVSS"": {""nvd"": {""V2Score"": 5, ""V3Score"": 7.5, ""V2Vector"": ""AV:N/AC:L/Au:N/C:N/I:N/A:P"", ""V3Vector"": ""CVSS:3.0/AV:N/AC:L/PR:N/UI:N/S:U/C:N/I:N/A:H""}, ""redhat"": {""V3Score"": 2.8, ""V3Vector"": ""CVSS:3.0/AV:L/AC:L/PR:L/UI:R/S:U/C:N/I:N/A:L""}}}",Trivy
library/nginx,sha256:86d1d130d9ed716b96c63669f19ca4b67d7ef7412dae09c04ce3ba03169f2a05,CVE-2026-3184,mount,2.41-5,,Low,CWE-289,"{""CVSS"": {""redhat"": {""V3Score"": 3.7, ""V3Vector"": ""CVSS:3.1/AV:N/AC:H/PR:N/UI:N/S:U/C:N/I:L/A:N""}}}",Trivy
library/golang,sha256:2af0a96902abbe2f6c14d2e4beb9180d14bd9c406e605da8a472a6dae409995c,CVE-2025-66199,libssl3,3.3.2-r4,3.3.6-r0,Medium,CWE-789,"{""CVSS"": {""redhat"": {""V3Score"": 5.9, ""V3Vector"": ""CVSS:3.1/AV:N/AC:H/PR:N/UI:N/S:U/C:N/I:N/A:H""}}}",Trivy
library/lmhinnel/flappy,sha256:79f3d67a6fa16be7d9e108aa4ae123a436f54f83b4a413f63862a75be4f78b97,CVE-2026-28388,openssl,3.0.13-0ubuntu3.7,3.0.13-0ubuntu3.9,Low,CWE-476,,Trivy
library/nginx,sha256:86d1d130d9ed716b96c63669f19ca4b67d7ef7412dae09c04ce3ba03169f2a05,CVE-2018-10126,libtiff6,4.7.0-3+deb13u1,,Low,CWE-476,"{""CVSS"": {""nvd"": {""V2Score"": 4.3, ""V3Score"": 6.5, ""V2Vector"": ""AV:N/AC:M/Au:N/C:N/I:N/A:P"", ""V3Vector"": ""CVSS:3.1/AV:N/AC:L/PR:N/UI:R/S:U/C:N/I:N/A:H""}, ""redhat"": {""V3Score"": 3.3, ""V3Vector"": ""CVSS:3.0/AV:L/AC:L/PR:L/UI:N/S:U/C:N/I:N/A:L""}}}",Trivy
library/nginx,sha256:86d1d130d9ed716b96c63669f19ca4b67d7ef7412dae09c04ce3ba03169f2a05,CVE-2025-14819,libcurl4t64,8.14.1-2+deb13u2,,Medium,CWE-295,"{""CVSS"": {""redhat"": {""V3Score"": 6.8, ""V3Vector"": ""CVSS:3.1/AV:N/AC:H/PR:N/UI:R/S:U/C:H/I:H/A:N""}}}",Trivy
library/golang,sha256:2af0a96902abbe2f6c14d2e4beb9180d14bd9c406e605da8a472a6dae409995c,CVE-2025-47912,stdlib,v1.22.12,"1.24.8, 1.25.2",Medium,,"{""CVSS"": {""redhat"": {""V3Score"": 5.3, ""V3Vector"": ""CVSS:3.1/AV:N/AC:L/PR:N/UI:N/S:U/C:L/I:N/A:N""}, ""bitnami"": {""V3Score"": 5.3, ""V3Vector"": ""CVSS:3.1/AV:N/AC:L/PR:N/UI:N/S:U/C:L/I:N/A:N""}}}",Trivy
library/nginx,sha256:86d1d130d9ed716b96c63669f19ca4b67d7ef7412dae09c04ce3ba03169f2a05,CVE-2025-61147,libde265-0,1.0.15-1+b3,,Low,CWE-120,,Trivy
library/nginx,sha256:86d1d130d9ed716b96c63669f19ca4b67d7ef7412dae09c04ce3ba03169f2a05,CVE-2018-5709,libgssapi-krb5-2,1.21.3-5,,Low,CWE-190,"{""CVSS"": {""nvd"": {""V2Score"": 5, ""V3Score"": 7.5, ""V2Vector"": ""AV:N/AC:L/Au:N/C:N/I:P/A:N"", ""V3Vector"": ""CVSS:3.0/AV:N/AC:L/PR:N/UI:N/S:U/C:N/I:H/A:N""}, ""redhat"": {""V3Score"": 6.3, ""V3Vector"": ""CVSS:3.0/AV:N/AC:L/PR:L/UI:N/S:U/C:L/I:L/A:L""}}}",Trivy
library/lmhinnel/flappy,sha256:79f3d67a6fa16be7d9e108aa4ae123a436f54f83b4a413f63862a75be4f78b97,CVE-2026-4660,github.com/hashicorp/go-getter,v1.8.5,1.8.6,High,CWE-200,"{""CVSS"": {""ghsa"": {""V3Score"": 7.5, ""V3Vector"": ""CVSS:3.1/AV:N/AC:L/PR:N/UI:N/S:U/C:H/I:N/A:N""}}}",Trivy
library/golang,sha256:2af0a96902abbe2f6c14d2e4beb9180d14bd9c406e605da8a472a6dae409995c,CVE-2025-47906,stdlib,v1.22.12,"1.23.12, 1.24.6",Medium,,"{""CVSS"": {""redhat"": {""V3Score"": 6.5, ""V3Vector"": ""CVSS:3.1/AV:N/AC:L/PR:N/UI:N/S:U/C:L/I:N/A:L""}, ""bitnami"": {""V3Score"": 6.5, ""V3Vector"": ""CVSS:3.1/AV:N/AC:L/PR:N/UI:N/S:U/C:L/I:N/A:L""}}}",Trivy
library/golang,sha256:2af0a96902abbe2f6c14d2e4beb9180d14bd9c406e605da8a472a6dae409995c,CVE-2024-58251,ssl_client,1.37.0-r9,1.37.0-r14,Medium,CWE-150,,Trivy
library/nginx,sha256:86d1d130d9ed716b96c63669f19ca4b67d7ef7412dae09c04ce3ba03169f2a05,CVE-2025-69720,ncurses-bin,6.5+20250216-2,,High,"CWE-121,CWE-120","{""CVSS"": {""nvd"": {""V3Score"": 7.8, ""V3Vector"": ""CVSS:3.1/AV:L/AC:L/PR:N/UI:R/S:U/C:H/I:H/A:H""}, ""redhat"": {""V3Score"": 7.8, ""V3Vector"": ""CVSS:3.1/AV:L/AC:L/PR:L/UI:N/S:U/C:H/I:H/A:H""}}}",Trivy
library/nginx,sha256:86d1d130d9ed716b96c63669f19ca4b67d7ef7412dae09c04ce3ba03169f2a05,CVE-2026-3949,libheif-plugin-libde265,1.19.8-1,,Low,"CWE-119,CWE-125","{""CVSS"": {""redhat"": {""V3Score"": 3.3, ""V3Vector"": ""CVSS:3.1/AV:L/AC:L/PR:L/UI:N/S:U/C:N/I:N/A:L""}}}",Trivy
library/nginx,sha256:86d1d130d9ed716b96c63669f19ca4b67d7ef7412dae09c04ce3ba03169f2a05,CVE-2015-3276,libldap2,2.6.10+dfsg-1,,Low,,"{""CVSS"": {""nvd"": {""V2Score"": 5, ""V3Score"": 7.5, ""V2Vector"": ""AV:N/AC:L/Au:N/C:N/I:P/A:N"", ""V3Vector"": ""CVSS:3.1/AV:N/AC:L/PR:N/UI:N/S:U/C:N/I:H/A:N""}, ""redhat"": {""V2Score"": 4.3, ""V2Vector"": ""AV:N/AC:M/Au:N/C:N/I:P/A:N""}}}",Trivy
library/nginx,sha256:86d1d130d9ed716b96c63669f19ca4b67d7ef7412dae09c04ce3ba03169f2a05,CVE-2026-3949,libheif-plugin-dav1d,1.19.8-1,,Low,"CWE-119,CWE-125","{""CVSS"": {""redhat"": {""V3Score"": 3.3, ""V3Vector"": ""CVSS:3.1/AV:L/AC:L/PR:L/UI:N/S:U/C:N/I:N/A:L""}}}",Trivy
library/nginx,sha256:86d1d130d9ed716b96c63669f19ca4b67d7ef7412dae09c04ce3ba03169f2a05,CVE-2026-31789,openssl-provider-legacy,3.5.5-1~deb13u1,3.5.5-1~deb13u2,Low,CWE-787,,Trivy
library/nginx,sha256:86d1d130d9ed716b96c63669f19ca4b67d7ef7412dae09c04ce3ba03169f2a05,CVE-2007-5686,passwd,1:4.17.4-2,,Low,CWE-264,"{""CVSS"": {""nvd"": {""V2Score"": 4.9, ""V2Vector"": ""AV:L/AC:L/Au:N/C:C/I:N/A:N""}}}",Trivy
library/nginx,sha256:86d1d130d9ed716b96c63669f19ca4b67d7ef7412dae09c04ce3ba03169f2a05,CVE-2017-14159,libldap2,2.6.10+dfsg-1,,Low,CWE-665,"{""CVSS"": {""nvd"": {""V2Score"": 1.9, ""V3Score"": 4.7, ""V2Vector"": ""AV:L/AC:M/Au:N/C:N/I:N/A:P"", ""V3Vector"": ""CVSS:3.1/AV:L/AC:H/PR:L/UI:N/S:U/C:N/I:N/A:H""}, ""redhat"": {""V3Score"": 4.4, ""V3Vector"": ""CVSS:3.0/AV:L/AC:H/PR:L/UI:R/S:U/C:N/I:N/A:H""}}}",Trivy
library/golang,sha256:2af0a96902abbe2f6c14d2e4beb9180d14bd9c406e605da8a472a6dae409995c,CVE-2026-32288,stdlib,v1.22.12,"1.25.9, 1.26.2",Medium,,"{""CVSS"": {""redhat"": {""V3Score"": 4.3, ""V3Vector"": ""CVSS:3.1/AV:N/AC:L/PR:N/UI:R/S:U/C:N/I:N/A:L""}}}",Trivy
library/golang,sha256:2af0a96902abbe2f6c14d2e4beb9180d14bd9c406e605da8a472a6dae409995c,CVE-2026-32280,stdlib,v1.22.12,"1.25.9, 1.26.2",Unknown,CWE-770,,Trivy
library/nginx,sha256:86d1d130d9ed716b96c63669f19ca4b67d7ef7412dae09c04ce3ba03169f2a05,CVE-2026-29111,libsystemd0,257.9-1~deb13u1,,High,CWE-269,"{""CVSS"": {""redhat"": {""V3Score"": 7.8, ""V3Vector"": ""CVSS:3.1/AV:L/AC:L/PR:L/UI:N/S:U/C:H/I:H/A:H""}}}",Trivy
library/lmhinnel/flappy,sha256:79f3d67a6fa16be7d9e108aa4ae123a436f54f83b4a413f63862a75be4f78b97,CVE-2026-28387,openssl,3.0.13-0ubuntu3.7,3.0.13-0ubuntu3.9,Low,CWE-416,,Trivy
library/golang,sha256:2af0a96902abbe2f6c14d2e4beb9180d14bd9c406e605da8a472a6dae409995c,CVE-2025-58183,stdlib,v1.22.12,"1.24.8, 1.25.2",High,,"{""CVSS"": {""redhat"": {""V3Score"": 7.5, ""V3Vector"": ""CVSS:3.1/AV:N/AC:L/PR:N/UI:N/S:U/C:N/I:N/A:H""}, ""bitnami"": {""V3Score"": 4.3, ""V3Vector"": ""CVSS:3.1/AV:N/AC:L/PR:N/UI:R/S:U/C:N/I:N/A:L""}}}",Trivy
library/lmhinnel/flappy,sha256:79f3d67a6fa16be7d9e108aa4ae123a436f54f83b4a413f63862a75be4f78b97,CVE-2026-32280,stdlib,v1.26.1,"1.25.9, 1.26.2",Unknown,CWE-770,,Trivy
library/golang,sha256:2af0a96902abbe2f6c14d2e4beb9180d14bd9c406e605da8a472a6dae409995c,CVE-2026-28389,libssl3,3.3.2-r4,3.3.7-r0,Low,CWE-476,,Trivy
library/nginx,sha256:86d1d130d9ed716b96c63669f19ca4b67d7ef7412dae09c04ce3ba03169f2a05,CVE-2018-5709,libkrb5-3,1.21.3-5,,Low,CWE-190,"{""CVSS"": {""nvd"": {""V2Score"": 5, ""V3Score"": 7.5, ""V2Vector"": ""AV:N/AC:L/Au:N/C:N/I:P/A:N"", ""V3Vector"": ""CVSS:3.0/AV:N/AC:L/PR:N/UI:N/S:U/C:N/I:H/A:N""}, ""redhat"": {""V3Score"": 6.3, ""V3Vector"": ""CVSS:3.0/AV:N/AC:L/PR:L/UI:N/S:U/C:L/I:L/A:L""}}}",Trivy
library/nginx,sha256:86d1d130d9ed716b96c63669f19ca4b67d7ef7412dae09c04ce3ba03169f2a05,CVE-2025-14104,bsdutils,1:2.41-5,,Low,CWE-125,"{""CVSS"": {""redhat"": {""V3Score"": 6.1, ""V3Vector"": ""CVSS:3.1/AV:L/AC:L/PR:L/UI:N/S:U/C:L/I:N/A:H""}}}",Trivy
library/nginx,sha256:86d1d130d9ed716b96c63669f19ca4b67d7ef7412dae09c04ce3ba03169f2a05,CVE-2007-5686,login.defs,1:4.17.4-2,,Low,CWE-264,"{""CVSS"": {""nvd"": {""V2Score"": 4.9, ""V2Vector"": ""AV:L/AC:L/Au:N/C:C/I:N/A:N""}}}",Trivy
library/nginx,sha256:86d1d130d9ed716b96c63669f19ca4b67d7ef7412dae09c04ce3ba03169f2a05,CVE-2026-27456,bsdutils,1:2.41-5,,Medium,"CWE-59,CWE-269,CWE-367","{""CVSS"": {""redhat"": {""V3Score"": 4.7, ""V3Vector"": ""CVSS:3.1/AV:L/AC:H/PR:L/UI:N/S:U/C:H/I:N/A:N""}}}",Trivy
library/nginx,sha256:86d1d130d9ed716b96c63669f19ca4b67d7ef7412dae09c04ce3ba03169f2a05,CVE-2010-4756,libc-bin,2.41-12+deb13u2,,Low,CWE-399,"{""CVSS"": {""nvd"": {""V2Score"": 4, ""V2Vector"": ""AV:N/AC:L/Au:S/C:N/I:N/A:P""}, ""redhat"": {""V2Score"": 5, ""V2Vector"": ""AV:N/AC:L/Au:N/C:N/I:N/A:P""}}}",Trivy
library/nginx,sha256:86d1d130d9ed716b96c63669f19ca4b67d7ef7412dae09c04ce3ba03169f2a05,CVE-2025-13034,curl,8.14.1-2+deb13u2,,Medium,CWE-295,"{""CVSS"": {""redhat"": {""V3Score"": 6.8, ""V3Vector"": ""CVSS:3.1/AV:N/AC:H/PR:N/UI:R/S:U/C:H/I:H/A:N""}}}",Trivy
library/lmhinnel/flappy,sha256:79f3d67a6fa16be7d9e108aa4ae123a436f54f83b4a413f63862a75be4f78b97,CVE-2026-39883,go.opentelemetry.io/otel/sdk,v1.42.0,1.43.0,High,CWE-426,"{""CVSS"": {""nvd"": {""V3Score"": 7, ""V3Vector"": ""CVSS:3.1/AV:L/AC:H/PR:L/UI:N/S:U/C:H/I:H/A:H""}, ""ghsa"": {}}}",Trivy
library/nginx,sha256:86d1d130d9ed716b96c63669f19ca4b67d7ef7412dae09c04ce3ba03169f2a05,CVE-2026-40228,libudev1,257.9-1~deb13u1,,Unknown,CWE-669,,Trivy
library/nginx,sha256:86d1d130d9ed716b96c63669f19ca4b67d7ef7412dae09c04ce3ba03169f2a05,CVE-2025-13034,libcurl4t64,8.14.1-2+deb13u2,,Medium,CWE-295,"{""CVSS"": {""redhat"": {""V3Score"": 6.8, ""V3Vector"": ""CVSS:3.1/AV:N/AC:H/PR:N/UI:R/S:U/C:H/I:H/A:N""}}}",Trivy
library/golang,sha256:2af0a96902abbe2f6c14d2e4beb9180d14bd9c406e605da8a472a6dae409995c,CVE-2026-32283,stdlib,v1.22.12,"1.25.9, 1.26.2",Unknown,,,Trivy
library/golang,sha256:2af0a96902abbe2f6c14d2e4beb9180d14bd9c406e605da8a472a6dae409995c,CVE-2024-58251,busybox,1.37.0-r9,1.37.0-r14,Medium,CWE-150,,Trivy
library/lmhinnel/flappy,sha256:79f3d67a6fa16be7d9e108aa4ae123a436f54f83b4a413f63862a75be4f78b97,CVE-2026-29786,tar,7.5.7,7.5.10,High,"CWE-22,CWE-59","{""CVSS"": {""nvd"": {""V3Score"": 6.3, ""V3Vector"": ""CVSS:3.1/AV:L/AC:L/PR:N/UI:R/S:C/C:N/I:H/A:N""}, ""ghsa"": {}, ""redhat"": {""V3Score"": 8.6, ""V3Vector"": ""CVSS:3.1/AV:N/AC:L/PR:N/UI:N/S:C/C:N/I:H/A:N""}}}",Trivy
library/nginx,sha256:86d1d130d9ed716b96c63669f19ca4b67d7ef7412dae09c04ce3ba03169f2a05,CVE-2022-0563,login,1:4.16.0-2+really2.41-5,,Low,CWE-209,"{""CVSS"": {""nvd"": {""V2Score"": 1.9, ""V3Score"": 5.5, ""V2Vector"": ""AV:L/AC:M/Au:N/C:P/I:N/A:N"", ""V3Vector"": ""CVSS:3.1/AV:L/AC:L/PR:L/UI:N/S:U/C:H/I:N/A:N""}, ""redhat"": {""V3Score"": 5.5, ""V3Vector"": ""CVSS:3.1/AV:L/AC:L/PR:L/UI:N/S:U/C:H/I:N/A:N""}}}",Trivy
library/golang,sha256:2af0a96902abbe2f6c14d2e4beb9180d14bd9c406e605da8a472a6dae409995c,CVE-2026-27142,stdlib,v1.22.12,"1.25.8, 1.26.1",Medium,,"{""CVSS"": {""redhat"": {""V3Score"": 5.4, ""V3Vector"": ""CVSS:3.1/AV:N/AC:L/PR:N/UI:R/S:U/C:L/I:L/A:N""}, ""bitnami"": {""V3Score"": 6.1, ""V3Vector"": ""CVSS:3.1/AV:N/AC:L/PR:N/UI:R/S:C/C:L/I:L/A:N""}}}",Trivy
library/nginx,sha256:86d1d130d9ed716b96c63669f19ca4b67d7ef7412dae09c04ce3ba03169f2a05,CVE-2026-40225,libudev1,257.9-1~deb13u1,,Unknown,CWE-669,,Trivy
library/nginx,sha256:86d1d130d9ed716b96c63669f19ca4b67d7ef7412dae09c04ce3ba03169f2a05,CVE-2019-1010023,libc6,2.41-12+deb13u2,,Low,,"{""CVSS"": {""nvd"": {""V2Score"": 6.8, ""V3Score"": 8.8, ""V2Vector"": ""AV:N/AC:M/Au:N/C:P/I:P/A:P"", ""V3Vector"": ""CVSS:3.0/AV:N/AC:L/PR:N/UI:R/S:U/C:H/I:H/A:H""}, ""redhat"": {""V3Score"": 7.8, ""V3Vector"": ""CVSS:3.0/AV:L/AC:L/PR:N/UI:R/S:U/C:H/I:H/A:H""}}}",Trivy
library/golang,sha256:2af0a96902abbe2f6c14d2e4beb9180d14bd9c406e605da8a472a6dae409995c,CVE-2026-22796,libcrypto3,3.3.2-r4,3.3.6-r0,Medium,CWE-754,"{""CVSS"": {""redhat"": {""V3Score"": 5.9, ""V3Vector"": ""CVSS:3.1/AV:N/AC:H/PR:N/UI:N/S:U/C:N/I:N/A:H""}}}",Trivy
library/golang,sha256:2af0a96902abbe2f6c14d2e4beb9180d14bd9c406e605da8a472a6dae409995c,CVE-2025-9231,libcrypto3,3.3.2-r4,3.3.5-r0,Medium,CWE-385,"{""CVSS"": {""redhat"": {""V3Score"": 5.9, ""V3Vector"": ""CVSS:3.1/AV:N/AC:H/PR:N/UI:N/S:U/C:H/I:N/A:N""}}}",Trivy
library/nginx,sha256:86d1d130d9ed716b96c63669f19ca4b67d7ef7412dae09c04ce3ba03169f2a05,CVE-2022-0563,libuuid1,2.41-5,,Low,CWE-209,"{""CVSS"": {""nvd"": {""V2Score"": 1.9, ""V3Score"": 5.5, ""V2Vector"": ""AV:L/AC:M/Au:N/C:P/I:N/A:N"", ""V3Vector"": ""CVSS:3.1/AV:L/AC:L/PR:L/UI:N/S:U/C:H/I:N/A:N""}, ""redhat"": {""V3Score"": 5.5, ""V3Vector"": ""CVSS:3.1/AV:L/AC:L/PR:L/UI:N/S:U/C:H/I:N/A:N""}}}",Trivy
library/nginx,sha256:86d1d130d9ed716b96c63669f19ca4b67d7ef7412dae09c04ce3ba03169f2a05,CVE-2024-26458,libk5crypto3,1.21.3-5,,Low,CWE-401,"{""CVSS"": {""redhat"": {""V3Score"": 5.9, ""V3Vector"": ""CVSS:3.1/AV:N/AC:H/PR:N/UI:N/S:U/C:N/I:N/A:H""}}}",Trivy
library/nginx,sha256:86d1d130d9ed716b96c63669f19ca4b67d7ef7412dae09c04ce3ba03169f2a05,CVE-2024-38950,libde265-0,1.0.15-1+b3,,Medium,CWE-122,,Trivy
library/golang,sha256:2af0a96902abbe2f6c14d2e4beb9180d14bd9c406e605da8a472a6dae409995c,CVE-2025-66199,libcrypto3,3.3.2-r4,3.3.6-r0,Medium,CWE-789,"{""CVSS"": {""redhat"": {""V3Score"": 5.9, ""V3Vector"": ""CVSS:3.1/AV:N/AC:H/PR:N/UI:N/S:U/C:N/I:N/A:H""}}}",Trivy
library/nginx,sha256:86d1d130d9ed716b96c63669f19ca4b67d7ef7412dae09c04ce3ba03169f2a05,CVE-2019-1010024,libc6,2.41-12+deb13u2,,Low,CWE-200,"{""CVSS"": {""nvd"": {""V2Score"": 5, ""V3Score"": 5.3, ""V2Vector"": ""AV:N/AC:L/Au:N/C:P/I:N/A:N"", ""V3Vector"": ""CVSS:3.0/AV:N/AC:L/PR:N/UI:N/S:U/C:L/I:N/A:N""}, ""redhat"": {""V3Score"": 5.3, ""V3Vector"": ""CVSS:3.0/AV:N/AC:L/PR:N/UI:N/S:U/C:L/I:N/A:N""}}}",Trivy
library/golang,sha256:2af0a96902abbe2f6c14d2e4beb9180d14bd9c406e605da8a472a6dae409995c,CVE-2025-22871,stdlib,v1.22.12,"1.23.8, 1.24.2",Medium,,"{""CVSS"": {""ghsa"": {""V3Score"": 9.1, ""V3Vector"": ""CVSS:3.1/AV:N/AC:L/PR:N/UI:N/S:U/C:H/I:H/A:N""}, ""redhat"": {""V3Score"": 5.4, ""V3Vector"": ""CVSS:3.1/AV:N/AC:H/PR:N/UI:N/S:C/C:L/I:L/A:N""}, ""bitnami"": {""V3Score"": 9.1, ""V3Vector"": ""CVSS:3.1/AV:N/AC:L/PR:N/UI:N/S:U/C:H/I:H/A:N""}}}",Trivy
library/nginx,sha256:86d1d130d9ed716b96c63669f19ca4b67d7ef7412dae09c04ce3ba03169f2a05,CVE-2026-3184,libmount1,2.41-5,,Low,CWE-289,"{""CVSS"": {""redhat"": {""V3Score"": 3.7, ""V3Vector"": ""CVSS:3.1/AV:N/AC:H/PR:N/UI:N/S:U/C:N/I:L/A:N""}}}",Trivy
library/nginx,sha256:86d1d130d9ed716b96c63669f19ca4b67d7ef7412dae09c04ce3ba03169f2a05,CVE-2026-31789,openssl,3.5.5-1~deb13u1,3.5.5-1~deb13u2,Low,CWE-787,,Trivy
library/nginx,sha256:86d1d130d9ed716b96c63669f19ca4b67d7ef7412dae09c04ce3ba03169f2a05,CVE-2025-13151,libtasn1-6,4.20.0-2,,Medium,CWE-787,"{""CVSS"": {""redhat"": {""V3Score"": 5.9, ""V3Vector"": ""CVSS:3.1/AV:N/AC:H/PR:N/UI:N/S:U/C:N/I:N/A:H""}}}",Trivy
library/golang,sha256:2af0a96902abbe2f6c14d2e4beb9180d14bd9c406e605da8a472a6dae409995c,CVE-2026-28388,libcrypto3,3.3.2-r4,3.3.7-r0,Low,CWE-476,,Trivy
library/golang,sha256:2af0a96902abbe2f6c14d2e4beb9180d14bd9c406e605da8a472a6dae409995c,CVE-2025-46394,busybox,1.37.0-r9,1.37.0-r14,Low,CWE-451,"{""CVSS"": {""nvd"": {""V3Score"": 3.3, ""V3Vector"": ""CVSS:3.1/AV:L/AC:L/PR:L/UI:N/S:U/C:N/I:L/A:N""}}}",Trivy
library/nginx,sha256:86d1d130d9ed716b96c63669f19ca4b67d7ef7412dae09c04ce3ba03169f2a05,CVE-2026-28387,libssl3t64,3.5.5-1~deb13u1,3.5.5-1~deb13u2,Low,CWE-416,,Trivy
library/lmhinnel/flappy,sha256:79f3d67a6fa16be7d9e108aa4ae123a436f54f83b4a413f63862a75be4f78b97,CVE-2026-28389,libssl3t64,3.0.13-0ubuntu3.7,3.0.13-0ubuntu3.9,Low,CWE-476,,Trivy
library/nginx,sha256:86d1d130d9ed716b96c63669f19ca4b67d7ef7412dae09c04ce3ba03169f2a05,TEMP-0628843-DBAD28,passwd,1:4.17.4-2,,Low,,,Trivy
library/nginx,sha256:86d1d130d9ed716b96c63669f19ca4b67d7ef7412dae09c04ce3ba03169f2a05,CVE-2023-31439,libudev1,257.9-1~deb13u1,,Low,CWE-354,"{""CVSS"": {""nvd"": {""V3Score"": 5.3, ""V3Vector"": ""CVSS:3.1/AV:N/AC:L/PR:N/UI:N/S:U/C:N/I:L/A:N""}}}",Trivy
library/nginx,sha256:86d1d130d9ed716b96c63669f19ca4b67d7ef7412dae09c04ce3ba03169f2a05,CVE-2026-27135,libnghttp2-14,1.64.0-1.1,,High,CWE-617,"{""CVSS"": {""redhat"": {""V3Score"": 7.5, ""V3Vector"": ""CVSS:3.1/AV:N/AC:L/PR:N/UI:N/S:U/C:N/I:N/A:H""}}}",Trivy
library/golang,sha256:2af0a96902abbe2f6c14d2e4beb9180d14bd9c406e605da8a472a6dae409995c,CVE-2026-6042,musl-utils,1.2.5-r8,1.2.5-r10,Unknown,"CWE-404,CWE-407",,Trivy
library/nginx,sha256:86d1d130d9ed716b96c63669f19ca4b67d7ef7412dae09c04ce3ba03169f2a05,CVE-2026-27456,mount,2.41-5,,Medium,"CWE-59,CWE-269,CWE-367","{""CVSS"": {""redhat"": {""V3Score"": 4.7, ""V3Vector"": ""CVSS:3.1/AV:L/AC:H/PR:L/UI:N/S:U/C:H/I:N/A:N""}}}",Trivy
library/nginx,sha256:86d1d130d9ed716b96c63669f19ca4b67d7ef7412dae09c04ce3ba03169f2a05,CVE-2023-31439,libsystemd0,257.9-1~deb13u1,,Low,CWE-354,"{""CVSS"": {""nvd"": {""V3Score"": 5.3, ""V3Vector"": ""CVSS:3.1/AV:N/AC:L/PR:N/UI:N/S:U/C:N/I:L/A:N""}}}",Trivy
library/golang,sha256:2af0a96902abbe2f6c14d2e4beb9180d14bd9c406e605da8a472a6dae409995c,CVE-2025-69419,libssl3,3.3.2-r4,3.3.6-r0,High,CWE-787,"{""CVSS"": {""redhat"": {""V3Score"": 7.4, ""V3Vector"": ""CVSS:3.1/AV:N/AC:H/PR:N/UI:N/S:U/C:H/I:H/A:N""}}}",Trivy
library/nginx,sha256:86d1d130d9ed716b96c63669f19ca4b67d7ef7412dae09c04ce3ba03169f2a05,CVE-2026-40226,libudev1,257.9-1~deb13u1,,Unknown,CWE-348,,Trivy
library/nginx,sha256:86d1d130d9ed716b96c63669f19ca4b67d7ef7412dae09c04ce3ba03169f2a05,CVE-2026-3783,curl,8.14.1-2+deb13u2,,Medium,CWE-522,"{""CVSS"": {""redhat"": {""V3Score"": 5.7, ""V3Vector"": ""CVSS:3.1/AV:N/AC:L/PR:L/UI:R/S:U/C:H/I:N/A:N""}}}",Trivy
library/golang,sha256:2af0a96902abbe2f6c14d2e4beb9180d14bd9c406e605da8a472a6dae409995c,CVE-2024-13176,libcrypto3,3.3.2-r4,3.3.2-r5,Medium,CWE-385,"{""CVSS"": {""redhat"": {""V3Score"": 4.7, ""V3Vector"": ""CVSS:3.1/AV:L/AC:H/PR:L/UI:N/S:U/C:H/I:N/A:N""}}}",Trivy
library/nginx,sha256:86d1d130d9ed716b96c63669f19ca4b67d7ef7412dae09c04ce3ba03169f2a05,CVE-2019-1010025,libc6,2.41-12+deb13u2,,Low,CWE-330,"{""CVSS"": {""nvd"": {""V2Score"": 5, ""V3Score"": 5.3, ""V2Vector"": ""AV:N/AC:L/Au:N/C:P/I:N/A:N"", ""V3Vector"": ""CVSS:3.0/AV:N/AC:L/PR:N/UI:N/S:U/C:L/I:N/A:N""}, ""redhat"": {""V3Score"": 2.9, ""V3Vector"": ""CVSS:3.0/AV:L/AC:H/PR:N/UI:N/S:U/C:L/I:N/A:N""}}}",Trivy
library/nginx,sha256:86d1d130d9ed716b96c63669f19ca4b67d7ef7412dae09c04ce3ba03169f2a05,CVE-2017-9937,libjbig0,2.1-6.1+b2,,Low,CWE-119,"{""CVSS"": {""nvd"": {""V2Score"": 4.3, ""V3Score"": 6.5, ""V2Vector"": ""AV:N/AC:M/Au:N/C:N/I:N/A:P"", ""V3Vector"": ""CVSS:3.0/AV:N/AC:L/PR:N/UI:R/S:U/C:N/I:N/A:H""}, ""redhat"": {""V3Score"": 3.3, ""V3Vector"": ""CVSS:3.0/AV:L/AC:L/PR:N/UI:R/S:U/C:N/I:N/A:L""}}}",Trivy
library/nginx,sha256:86d1d130d9ed716b96c63669f19ca4b67d7ef7412dae09c04ce3ba03169f2a05,CVE-2026-28389,openssl-provider-legacy,3.5.5-1~deb13u1,3.5.5-1~deb13u2,Low,CWE-476,,Trivy
library/nginx,sha256:86d1d130d9ed716b96c63669f19ca4b67d7ef7412dae09c04ce3ba03169f2a05,CVE-2026-3784,libcurl4t64,8.14.1-2+deb13u2,,Medium,CWE-305,"{""CVSS"": {""redhat"": {""V3Score"": 6.5, ""V3Vector"": ""CVSS:3.1/AV:N/AC:L/PR:L/UI:N/S:U/C:H/I:N/A:N""}}}",Trivy
library/nginx,sha256:86d1d130d9ed716b96c63669f19ca4b67d7ef7412dae09c04ce3ba03169f2a05,CVE-2026-31790,libssl3t64,3.5.5-1~deb13u1,3.5.5-1~deb13u2,Medium,CWE-754,"{""CVSS"": {""redhat"": {""V3Score"": 5.9, ""V3Vector"": ""CVSS:3.1/AV:N/AC:H/PR:N/UI:N/S:U/C:H/I:N/A:N""}}}",Trivy
library/nginx,sha256:86d1d130d9ed716b96c63669f19ca4b67d7ef7412dae09c04ce3ba03169f2a05,CVE-2025-6141,ncurses-base,6.5+20250216-2,,Low,"CWE-119,CWE-121","{""CVSS"": {""redhat"": {""V3Score"": 3.3, ""V3Vector"": ""CVSS:3.1/AV:L/AC:L/PR:L/UI:N/S:U/C:N/I:N/A:L""}}}",Trivy
library/nginx,sha256:86d1d130d9ed716b96c63669f19ca4b67d7ef7412dae09c04ce3ba03169f2a05,CVE-2024-56433,login.defs,1:4.17.4-2,,Low,CWE-1188,"{""CVSS"": {""redhat"": {""V3Score"": 3.6, ""V3Vector"": ""CVSS:3.1/AV:L/AC:H/PR:L/UI:N/S:U/C:L/I:L/A:N""}}}",Trivy
library/nginx,sha256:86d1d130d9ed716b96c63669f19ca4b67d7ef7412dae09c04ce3ba03169f2a05,CVE-2026-32776,libexpat1,2.7.1-2,,Medium,CWE-476,"{""CVSS"": {""nvd"": {""V3Score"": 5.5, ""V3Vector"": ""CVSS:3.1/AV:L/AC:L/PR:L/UI:N/S:U/C:N/I:N/A:H""}, ""redhat"": {""V3Score"": 6.2, ""V3Vector"": ""CVSS:3.1/AV:L/AC:L/PR:N/UI:N/S:U/C:N/I:N/A:H""}}}",Trivy
library/lmhinnel/flappy,sha256:79f3d67a6fa16be7d9e108aa4ae123a436f54f83b4a413f63862a75be4f78b97,CVE-2026-27904,minimatch,10.1.2,"10.2.3, 9.0.7, 8.0.6, 7.4.8, 6.2.2, 5.1.8, 4.2.5, 3.1.4",High,CWE-1333,"{""CVSS"": {""ghsa"": {""V3Score"": 7.5, ""V3Vector"": ""CVSS:3.1/AV:N/AC:L/PR:N/UI:N/S:U/C:N/I:N/A:H""}, ""redhat"": {""V3Score"": 6.5, ""V3Vector"": ""CVSS:3.1/AV:N/AC:L/PR:N/UI:R/S:U/C:N/I:N/A:H""}}}",Trivy
library/nginx,sha256:86d1d130d9ed716b96c63669f19ca4b67d7ef7412dae09c04ce3ba03169f2a05,CVE-2026-34743,liblzma5,5.8.1-1,,Medium,CWE-122,"{""CVSS"": {""redhat"": {""V3Score"": 5.3, ""V3Vector"": ""CVSS:3.1/AV:N/AC:L/PR:N/UI:N/S:U/C:N/I:N/A:L""}}}",Trivy
library/nginx,sha256:86d1d130d9ed716b96c63669f19ca4b67d7ef7412dae09c04ce3ba03169f2a05,CVE-2018-20796,libc6,2.41-12+deb13u2,,Low,CWE-674,"{""CVSS"": {""nvd"": {""V2Score"": 5, ""V3Score"": 7.5, ""V2Vector"": ""AV:N/AC:L/Au:N/C:N/I:N/A:P"", ""V3Vector"": ""CVSS:3.0/AV:N/AC:L/PR:N/UI:N/S:U/C:N/I:N/A:H""}, ""redhat"": {""V3Score"": 5.3, ""V3Vector"": ""CVSS:3.0/AV:N/AC:L/PR:N/UI:N/S:U/C:N/I:N/A:L""}}}",Trivy
library/lmhinnel/flappy,sha256:79f3d67a6fa16be7d9e108aa4ae123a436f54f83b4a413f63862a75be4f78b97,CVE-2026-28390,openssl,3.0.13-0ubuntu3.7,3.0.13-0ubuntu3.9,Low,CWE-476,"{""CVSS"": {""redhat"": {""V3Score"": 7.5, ""V3Vector"": ""CVSS:3.1/AV:N/AC:L/PR:N/UI:N/S:U/C:N/I:N/A:H""}}}",Trivy
library/nginx,sha256:86d1d130d9ed716b96c63669f19ca4b67d7ef7412dae09c04ce3ba03169f2a05,CVE-2025-14017,libcurl4t64,8.14.1-2+deb13u2,,Low,,"{""CVSS"": {""redhat"": {""V3Score"": 4.8, ""V3Vector"": ""CVSS:3.1/AV:N/AC:H/PR:N/UI:N/S:U/C:L/I:L/A:N""}}}",Trivy
library/nginx,sha256:86d1d130d9ed716b96c63669f19ca4b67d7ef7412dae09c04ce3ba03169f2a05,CVE-2026-3805,libcurl4t64,8.14.1-2+deb13u2,,Medium,CWE-416,"{""CVSS"": {""redhat"": {""V3Score"": 6.3, ""V3Vector"": ""CVSS:3.1/AV:N/AC:L/PR:N/UI:R/S:U/C:L/I:L/A:L""}}}",Trivy
library/nginx,sha256:86d1d130d9ed716b96c63669f19ca4b67d7ef7412dae09c04ce3ba03169f2a05,CVE-2026-32778,libexpat1,2.7.1-2,,Medium,CWE-476,"{""CVSS"": {""nvd"": {""V3Score"": 5.5, ""V3Vector"": ""CVSS:3.1/AV:L/AC:L/PR:L/UI:N/S:U/C:N/I:N/A:H""}, ""redhat"": {""V3Score"": 5.1, ""V3Vector"": ""CVSS:3.1/AV:L/AC:H/PR:N/UI:N/S:U/C:N/I:N/A:H""}}}",Trivy
library/nginx,sha256:86d1d130d9ed716b96c63669f19ca4b67d7ef7412dae09c04ce3ba03169f2a05,CVE-2023-31438,libudev1,257.9-1~deb13u1,,Low,CWE-354,"{""CVSS"": {""nvd"": {""V3Score"": 5.3, ""V3Vector"": ""CVSS:3.1/AV:N/AC:L/PR:N/UI:N/S:U/C:N/I:L/A:N""}}}",Trivy
library/nginx,sha256:86d1d130d9ed716b96c63669f19ca4b67d7ef7412dae09c04ce3ba03169f2a05,CVE-2023-31437,libsystemd0,257.9-1~deb13u1,,Low,CWE-354,"{""CVSS"": {""nvd"": {""V3Score"": 5.3, ""V3Vector"": ""CVSS:3.1/AV:N/AC:L/PR:N/UI:N/S:U/C:N/I:L/A:N""}}}",Trivy
library/golang,sha256:2af0a96902abbe2f6c14d2e4beb9180d14bd9c406e605da8a472a6dae409995c,CVE-2026-40200,musl-utils,1.2.5-r8,1.2.5-r11,Unknown,CWE-670,,Trivy
library/nginx,sha256:86d1d130d9ed716b96c63669f19ca4b67d7ef7412dae09c04ce3ba03169f2a05,CVE-2024-26458,libkrb5support0,1.21.3-5,,Low,CWE-401,"{""CVSS"": {""redhat"": {""V3Score"": 5.9, ""V3Vector"": ""CVSS:3.1/AV:N/AC:H/PR:N/UI:N/S:U/C:N/I:N/A:H""}}}",Trivy
library/nginx,sha256:86d1d130d9ed716b96c63669f19ca4b67d7ef7412dae09c04ce3ba03169f2a05,CVE-2024-26458,libkrb5-3,1.21.3-5,,Low,CWE-401,"{""CVSS"": {""redhat"": {""V3Score"": 5.9, ""V3Vector"": ""CVSS:3.1/AV:N/AC:H/PR:N/UI:N/S:U/C:N/I:N/A:H""}}}",Trivy
library/lmhinnel/flappy,sha256:79f3d67a6fa16be7d9e108aa4ae123a436f54f83b4a413f63862a75be4f78b97,CVE-2026-33810,stdlib,1.26.1,1.26.2,Unknown,,,Trivy
library/nginx,sha256:86d1d130d9ed716b96c63669f19ca4b67d7ef7412dae09c04ce3ba03169f2a05,CVE-2011-3389,libgnutls30t64,3.8.9-3+deb13u2,,Low,CWE-326,"{""CVSS"": {""nvd"": {""V2Score"": 4.3, ""V2Vector"": ""AV:N/AC:M/Au:N/C:P/I:N/A:N""}, ""redhat"": {""V2Score"": 4.3, ""V2Vector"": ""AV:N/AC:M/Au:N/C:P/I:N/A:N""}}}",Trivy
library/golang,sha256:2af0a96902abbe2f6c14d2e4beb9180d14bd9c406e605da8a472a6dae409995c,CVE-2025-9231,libssl3,3.3.2-r4,3.3.5-r0,Medium,CWE-385,"{""CVSS"": {""redhat"": {""V3Score"": 5.9, ""V3Vector"": ""CVSS:3.1/AV:N/AC:H/PR:N/UI:N/S:U/C:H/I:N/A:N""}}}",Trivy
library/golang,sha256:2af0a96902abbe2f6c14d2e4beb9180d14bd9c406e605da8a472a6dae409995c,CVE-2024-12797,libssl3,3.3.2-r4,3.3.3-r0,High,CWE-392,"{""CVSS"": {""redhat"": {""V3Score"": 7.4, ""V3Vector"": ""CVSS:3.1/AV:N/AC:H/PR:N/UI:N/S:U/C:H/I:H/A:N""}}}",Trivy
library/nginx,sha256:86d1d130d9ed716b96c63669f19ca4b67d7ef7412dae09c04ce3ba03169f2a05,CVE-2026-3184,bsdutils,1:2.41-5,,Low,CWE-289,"{""CVSS"": {""redhat"": {""V3Score"": 3.7, ""V3Vector"": ""CVSS:3.1/AV:N/AC:H/PR:N/UI:N/S:U/C:N/I:L/A:N""}}}",Trivy
library/golang,sha256:2af0a96902abbe2f6c14d2e4beb9180d14bd9c406e605da8a472a6dae409995c,CVE-2025-9230,libssl3,3.3.2-r4,3.3.5-r0,Medium,"CWE-125,CWE-787","{""CVSS"": {""redhat"": {""V3Score"": 5.6, ""V3Vector"": ""CVSS:3.1/AV:N/AC:H/PR:N/UI:N/S:U/C:L/I:L/A:L""}}}",Trivy
library/lmhinnel/flappy,sha256:79f3d67a6fa16be7d9e108aa4ae123a436f54f83b4a413f63862a75be4f78b97,CVE-2026-32281,stdlib,v1.26.1,"1.25.9, 1.26.2",Medium,,"{""CVSS"": {""redhat"": {""V3Score"": 5.9, ""V3Vector"": ""CVSS:3.1/AV:N/AC:H/PR:N/UI:N/S:U/C:N/I:N/A:H""}}}",Trivy
library/nginx,sha256:86d1d130d9ed716b96c63669f19ca4b67d7ef7412dae09c04ce3ba03169f2a05,CVE-2026-27171,zlib1g,1:1.3.dfsg+really1.3.1-1+b1,,Medium,CWE-1284,"{""CVSS"": {""nvd"": {""V3Score"": 5.5, ""V3Vector"": ""CVSS:3.1/AV:L/AC:L/PR:L/UI:N/S:U/C:N/I:N/A:H""}, ""redhat"": {""V3Score"": 3.3, ""V3Vector"": ""CVSS:3.1/AV:L/AC:L/PR:L/UI:N/S:U/C:N/I:N/A:L""}}}",Trivy
library/nginx,sha256:86d1d130d9ed716b96c63669f19ca4b67d7ef7412dae09c04ce3ba03169f2a05,CVE-2025-61144,libtiff6,4.7.0-3+deb13u1,,Low,CWE-119,"{""CVSS"": {""nvd"": {""V3Score"": 7.3, ""V3Vector"": ""CVSS:3.1/AV:L/AC:L/PR:L/UI:R/S:U/C:H/I:H/A:H""}, ""redhat"": {""V3Score"": 5, ""V3Vector"": ""CVSS:3.1/AV:L/AC:L/PR:L/UI:R/S:U/C:N/I:N/A:H""}}}",Trivy
library/golang,sha256:2af0a96902abbe2f6c14d2e4beb9180d14bd9c406e605da8a472a6dae409995c,CVE-2025-58186,stdlib,v1.22.12,"1.24.8, 1.25.2",Medium,,"{""CVSS"": {""redhat"": {""V3Score"": 5.3, ""V3Vector"": ""CVSS:3.1/AV:N/AC:L/PR:N/UI:N/S:U/C:N/I:N/A:L""}, ""bitnami"": {""V3Score"": 5.3, ""V3Vector"": ""CVSS:3.1/AV:N/AC:L/PR:N/UI:N/S:U/C:N/I:N/A:L""}}}",Trivy
library/golang,sha256:2af0a96902abbe2f6c14d2e4beb9180d14bd9c406e605da8a472a6dae409995c,CVE-2026-32282,stdlib,v1.22.12,"1.25.9, 1.26.2",Unknown,,,Trivy
library/nginx,sha256:86d1d130d9ed716b96c63669f19ca4b67d7ef7412dae09c04ce3ba03169f2a05,CVE-2026-2673,openssl-provider-legacy,3.5.5-1~deb13u1,3.5.5-1~deb13u2,Low,CWE-757,"{""CVSS"": {""redhat"": {""V3Score"": 3.1, ""V3Vector"": ""CVSS:3.1/AV:N/AC:H/PR:L/UI:N/S:U/C:N/I:L/A:N""}}}",Trivy
library/nginx,sha256:86d1d130d9ed716b96c63669f19ca4b67d7ef7412dae09c04ce3ba03169f2a05,CVE-2024-26461,libkrb5support0,1.21.3-5,,Low,CWE-770,"{""CVSS"": {""redhat"": {""V3Score"": 5.9, ""V3Vector"": ""CVSS:3.1/AV:N/AC:H/PR:N/UI:N/S:U/C:N/I:N/A:H""}}}",Trivy
library/golang,sha256:2af0a96902abbe2f6c14d2e4beb9180d14bd9c406e605da8a472a6dae409995c,CVE-2025-61727,stdlib,v1.22.12,"1.24.11, 1.25.5",Medium,CWE-295,"{""CVSS"": {""redhat"": {""V3Score"": 6.5, ""V3Vector"": ""CVSS:3.1/AV:N/AC:L/PR:N/UI:N/S:U/C:L/I:L/A:N""}, ""bitnami"": {""V3Score"": 6.5, ""V3Vector"": ""CVSS:3.1/AV:N/AC:L/PR:N/UI:N/S:U/C:L/I:L/A:N""}}}",Trivy
library/nginx,sha256:86d1d130d9ed716b96c63669f19ca4b67d7ef7412dae09c04ce3ba03169f2a05,CVE-2026-3184,login,1:4.16.0-2+really2.41-5,,Low,CWE-289,"{""CVSS"": {""redhat"": {""V3Score"": 3.7, ""V3Vector"": ""CVSS:3.1/AV:N/AC:H/PR:N/UI:N/S:U/C:N/I:L/A:N""}}}",Trivy
library/nginx,sha256:86d1d130d9ed716b96c63669f19ca4b67d7ef7412dae09c04ce3ba03169f2a05,CVE-2025-15224,curl,8.14.1-2+deb13u2,,Low,CWE-287,"{""CVSS"": {""redhat"": {""V3Score"": 4.7, ""V3Vector"": ""CVSS:3.1/AV:L/AC:H/PR:L/UI:N/S:U/C:H/I:N/A:N""}}}",Trivy
library/nginx,sha256:86d1d130d9ed716b96c63669f19ca4b67d7ef7412dae09c04ce3ba03169f2a05,CVE-2025-14104,mount,2.41-5,,Low,CWE-125,"{""CVSS"": {""redhat"": {""V3Score"": 6.1, ""V3Vector"": ""CVSS:3.1/AV:L/AC:L/PR:L/UI:N/S:U/C:L/I:N/A:H""}}}",Trivy
library/lmhinnel/flappy,sha256:79f3d67a6fa16be7d9e108aa4ae123a436f54f83b4a413f63862a75be4f78b97,CVE-2026-31790,libssl3t64,3.0.13-0ubuntu3.7,3.0.13-0ubuntu3.9,Medium,CWE-754,"{""CVSS"": {""redhat"": {""V3Score"": 5.9, ""V3Vector"": ""CVSS:3.1/AV:N/AC:H/PR:N/UI:N/S:U/C:H/I:N/A:N""}}}",Trivy
library/golang,sha256:2af0a96902abbe2f6c14d2e4beb9180d14bd9c406e605da8a472a6dae409995c,CVE-2026-32289,stdlib,v1.22.12,"1.25.9, 1.26.2",Medium,,"{""CVSS"": {""redhat"": {""V3Score"": 5.4, ""V3Vector"": ""CVSS:3.1/AV:N/AC:L/PR:N/UI:R/S:U/C:L/I:L/A:N""}}}",Trivy
library/lmhinnel/flappy,sha256:79f3d67a6fa16be7d9e108aa4ae123a436f54f83b4a413f63862a75be4f78b97,CVE-2026-32289,stdlib,1.26.1,"1.25.9, 1.26.2",Medium,,"{""CVSS"": {""redhat"": {""V3Score"": 5.4, ""V3Vector"": ""CVSS:3.1/AV:N/AC:L/PR:N/UI:R/S:U/C:L/I:L/A:N""}}}",Trivy
library/nginx,sha256:86d1d130d9ed716b96c63669f19ca4b67d7ef7412dae09c04ce3ba03169f2a05,CVE-2025-10966,curl,8.14.1-2+deb13u2,,Low,,"{""CVSS"": {""redhat"": {""V3Score"": 5.9, ""V3Vector"": ""CVSS:3.1/AV:N/AC:H/PR:N/UI:N/S:U/C:H/I:N/A:N""}}}",Trivy
library/nginx,sha256:86d1d130d9ed716b96c63669f19ca4b67d7ef7412dae09c04ce3ba03169f2a05,CVE-2025-15224,libcurl4t64,8.14.1-2+deb13u2,,Low,CWE-287,"{""CVSS"": {""redhat"": {""V3Score"": 4.7, ""V3Vector"": ""CVSS:3.1/AV:L/AC:H/PR:L/UI:N/S:U/C:H/I:N/A:N""}}}",Trivy
library/nginx,sha256:86d1d130d9ed716b96c63669f19ca4b67d7ef7412dae09c04ce3ba03169f2a05,CVE-2026-1965,libcurl4t64,8.14.1-2+deb13u2,,Medium,CWE-305,"{""CVSS"": {""redhat"": {""V3Score"": 6.8, ""V3Vector"": ""CVSS:3.1/AV:N/AC:H/PR:L/UI:N/S:U/C:H/I:H/A:N""}}}",Trivy
library/nginx,sha256:86d1d130d9ed716b96c63669f19ca4b67d7ef7412dae09c04ce3ba03169f2a05,CVE-2024-26461,libgssapi-krb5-2,1.21.3-5,,Low,CWE-770,"{""CVSS"": {""redhat"": {""V3Score"": 5.9, ""V3Vector"": ""CVSS:3.1/AV:N/AC:H/PR:N/UI:N/S:U/C:N/I:N/A:H""}}}",Trivy
library/nginx,sha256:86d1d130d9ed716b96c63669f19ca4b67d7ef7412dae09c04ce3ba03169f2a05,CVE-2013-4392,libsystemd0,257.9-1~deb13u1,,Low,CWE-59,"{""CVSS"": {""nvd"": {""V2Score"": 3.3, ""V2Vector"": ""AV:L/AC:M/Au:N/C:P/I:P/A:N""}, ""redhat"": {""V2Score"": 3.3, ""V2Vector"": ""AV:L/AC:M/Au:N/C:P/I:P/A:N""}}}",Trivy
library/golang,sha256:2af0a96902abbe2f6c14d2e4beb9180d14bd9c406e605da8a472a6dae409995c,CVE-2026-40200,musl,1.2.5-r8,1.2.5-r11,Unknown,CWE-670,,Trivy
library/nginx,sha256:86d1d130d9ed716b96c63669f19ca4b67d7ef7412dae09c04ce3ba03169f2a05,CVE-2025-61143,libtiff6,4.7.0-3+deb13u1,,Low,CWE-476,"{""CVSS"": {""nvd"": {""V3Score"": 5.5, ""V3Vector"": ""CVSS:3.1/AV:L/AC:L/PR:N/UI:R/S:U/C:N/I:N/A:H""}, ""redhat"": {""V3Score"": 5.5, ""V3Vector"": ""CVSS:3.1/AV:L/AC:L/PR:N/UI:R/S:U/C:N/I:N/A:H""}}}",Trivy
library/nginx,sha256:86d1d130d9ed716b96c63669f19ca4b67d7ef7412dae09c04ce3ba03169f2a05,CVE-2026-3805,curl,8.14.1-2+deb13u2,,Medium,CWE-416,"{""CVSS"": {""redhat"": {""V3Score"": 6.3, ""V3Vector"": ""CVSS:3.1/AV:N/AC:L/PR:N/UI:R/S:U/C:L/I:L/A:L""}}}",Trivy
library/lmhinnel/flappy,sha256:79f3d67a6fa16be7d9e108aa4ae123a436f54f83b4a413f63862a75be4f78b97,CVE-2026-28387,libssl3t64,3.0.13-0ubuntu3.7,3.0.13-0ubuntu3.9,Low,CWE-416,,Trivy
library/nginx,sha256:86d1d130d9ed716b96c63669f19ca4b67d7ef7412dae09c04ce3ba03169f2a05,CVE-2025-11731,libxslt1.1,1.1.35-1.2+deb13u2,,Low,CWE-843,"{""CVSS"": {""redhat"": {""V3Score"": 3.1, ""V3Vector"": ""CVSS:3.1/AV:N/AC:H/PR:N/UI:R/S:U/C:N/I:N/A:L""}}}",Trivy
library/nginx,sha256:86d1d130d9ed716b96c63669f19ca4b67d7ef7412dae09c04ce3ba03169f2a05,CVE-2026-4878,libcap2,1:2.75-10+b8,,Unknown,CWE-367,,Trivy
library/golang,sha256:2af0a96902abbe2f6c14d2e4beb9180d14bd9c406e605da8a472a6dae409995c,CVE-2026-22795,libssl3,3.3.2-r4,3.3.6-r0,Medium,CWE-754,"{""CVSS"": {""redhat"": {""V3Score"": 5.5, ""V3Vector"": ""CVSS:3.1/AV:L/AC:L/PR:N/UI:R/S:U/C:N/I:N/A:H""}}}",Trivy
library/nginx,sha256:86d1d130d9ed716b96c63669f19ca4b67d7ef7412dae09c04ce3ba03169f2a05,CVE-2022-0563,util-linux,2.41-5,,Low,CWE-209,"{""CVSS"": {""nvd"": {""V2Score"": 1.9, ""V3Score"": 5.5, ""V2Vector"": ""AV:L/AC:M/Au:N/C:P/I:N/A:N"", ""V3Vector"": ""CVSS:3.1/AV:L/AC:L/PR:L/UI:N/S:U/C:H/I:N/A:N""}, ""redhat"": {""V3Score"": 5.5, ""V3Vector"": ""CVSS:3.1/AV:L/AC:L/PR:L/UI:N/S:U/C:H/I:N/A:N""}}}",Trivy
library/nginx,sha256:86d1d130d9ed716b96c63669f19ca4b67d7ef7412dae09c04ce3ba03169f2a05,CVE-2026-27456,login,1:4.16.0-2+really2.41-5,,Medium,"CWE-59,CWE-269,CWE-367","{""CVSS"": {""redhat"": {""V3Score"": 4.7, ""V3Vector"": ""CVSS:3.1/AV:L/AC:H/PR:L/UI:N/S:U/C:H/I:N/A:N""}}}",Trivy
library/nginx,sha256:86d1d130d9ed716b96c63669f19ca4b67d7ef7412dae09c04ce3ba03169f2a05,CVE-2025-14104,libuuid1,2.41-5,,Low,CWE-125,"{""CVSS"": {""redhat"": {""V3Score"": 6.1, ""V3Vector"": ""CVSS:3.1/AV:L/AC:L/PR:L/UI:N/S:U/C:L/I:N/A:H""}}}",Trivy
library/golang,sha256:2af0a96902abbe2f6c14d2e4beb9180d14bd9c406e605da8a472a6dae409995c,CVE-2025-15467,libssl3,3.3.2-r4,3.3.6-r0,Critical,CWE-787,"{""CVSS"": {""redhat"": {""V3Score"": 9.8, ""V3Vector"": ""CVSS:3.1/AV:N/AC:L/PR:N/UI:N/S:U/C:H/I:H/A:H""}}}",Trivy
library/lmhinnel/flappy,sha256:79f3d67a6fa16be7d9e108aa4ae123a436f54f83b4a413f63862a75be4f78b97,CVE-2026-28389,openssl,3.0.13-0ubuntu3.7,3.0.13-0ubuntu3.9,Low,CWE-476,,Trivy
library/nginx,sha256:86d1d130d9ed716b96c63669f19ca4b67d7ef7412dae09c04ce3ba03169f2a05,CVE-2026-4105,libudev1,257.9-1~deb13u1,,Medium,CWE-284,"{""CVSS"": {""redhat"": {""V3Score"": 6.7, ""V3Vector"": ""CVSS:3.1/AV:L/AC:H/PR:L/UI:R/S:U/C:H/I:H/A:H""}}}",Trivy
library/nginx,sha256:86d1d130d9ed716b96c63669f19ca4b67d7ef7412dae09c04ce3ba03169f2a05,CVE-2026-34757,libpng16-16t64,1.6.48-1+deb13u4,,Unknown,CWE-416,,Trivy
library/nginx,sha256:86d1d130d9ed716b96c63669f19ca4b67d7ef7412dae09c04ce3ba03169f2a05,CVE-2026-0990,libxml2,2.12.7+dfsg+really2.9.14-2.1+deb13u2,,Medium,CWE-674,"{""CVSS"": {""redhat"": {""V3Score"": 5.9, ""V3Vector"": ""CVSS:3.1/AV:N/AC:H/PR:N/UI:N/S:U/C:N/I:N/A:H""}}}",Trivy
library/lmhinnel/flappy,sha256:79f3d67a6fa16be7d9e108aa4ae123a436f54f83b4a413f63862a75be4f78b97,CVE-2026-32283,stdlib,v1.26.1,"1.25.9, 1.26.2",Unknown,,,Trivy
library/golang,sha256:2af0a96902abbe2f6c14d2e4beb9180d14bd9c406e605da8a472a6dae409995c,CVE-2026-22795,libcrypto3,3.3.2-r4,3.3.6-r0,Medium,CWE-754,"{""CVSS"": {""redhat"": {""V3Score"": 5.5, ""V3Vector"": ""CVSS:3.1/AV:L/AC:L/PR:N/UI:R/S:U/C:N/I:N/A:H""}}}",Trivy
library/nginx,sha256:86d1d130d9ed716b96c63669f19ca4b67d7ef7412dae09c04ce3ba03169f2a05,CVE-2026-2673,openssl,3.5.5-1~deb13u1,3.5.5-1~deb13u2,Low,CWE-757,"{""CVSS"": {""redhat"": {""V3Score"": 3.1, ""V3Vector"": ""CVSS:3.1/AV:N/AC:H/PR:L/UI:N/S:U/C:N/I:L/A:N""}}}",Trivy
library/nginx,sha256:86d1d130d9ed716b96c63669f19ca4b67d7ef7412dae09c04ce3ba03169f2a05,CVE-2026-33164,libde265-0,1.0.15-1+b3,,High,"CWE-122,CWE-476","{""CVSS"": {""nvd"": {""V3Score"": 7.5, ""V3Vector"": ""CVSS:3.1/AV:N/AC:L/PR:N/UI:N/S:U/C:N/I:N/A:H""}}}",Trivy
library/nginx,sha256:86d1d130d9ed716b96c63669f19ca4b67d7ef7412dae09c04ce3ba03169f2a05,TEMP-0628843-DBAD28,login.defs,1:4.17.4-2,,Low,,,Trivy
library/nginx,sha256:86d1d130d9ed716b96c63669f19ca4b67d7ef7412dae09c04ce3ba03169f2a05,CVE-2025-5278,coreutils,9.7-3,,Low,CWE-121,"{""CVSS"": {""redhat"": {""V3Score"": 4.4, ""V3Vector"": ""CVSS:3.1/AV:L/AC:L/PR:N/UI:R/S:U/C:L/I:N/A:L""}}}",Trivy
library/nginx,sha256:86d1d130d9ed716b96c63669f19ca4b67d7ef7412dae09c04ce3ba03169f2a05,CVE-2026-28390,libssl3t64,3.5.5-1~deb13u1,3.5.5-1~deb13u2,High,CWE-476,"{""CVSS"": {""redhat"": {""V3Score"": 7.5, ""V3Vector"": ""CVSS:3.1/AV:N/AC:L/PR:N/UI:N/S:U/C:N/I:N/A:H""}}}",Trivy
library/nginx,sha256:86d1d130d9ed716b96c63669f19ca4b67d7ef7412dae09c04ce3ba03169f2a05,CVE-2025-14104,liblastlog2-2,2.41-5,,Low,CWE-125,"{""CVSS"": {""redhat"": {""V3Score"": 6.1, ""V3Vector"": ""CVSS:3.1/AV:L/AC:L/PR:L/UI:N/S:U/C:L/I:N/A:H""}}}",Trivy
library/lmhinnel/flappy,sha256:79f3d67a6fa16be7d9e108aa4ae123a436f54f83b4a413f63862a75be4f78b97,CVE-2026-27903,minimatch,10.1.2,"10.2.3, 9.0.7, 8.0.6, 7.4.8, 6.2.2, 5.1.8, 4.2.5, 3.1.3",High,CWE-407,"{""CVSS"": {""ghsa"": {""V3Score"": 7.5, ""V3Vector"": ""CVSS:3.1/AV:N/AC:L/PR:N/UI:N/S:U/C:N/I:N/A:H""}, ""redhat"": {""V3Score"": 5.9, ""V3Vector"": ""CVSS:3.1/AV:N/AC:H/PR:N/UI:N/S:U/C:N/I:N/A:H""}}}",Trivy
library/nginx,sha256:86d1d130d9ed716b96c63669f19ca4b67d7ef7412dae09c04ce3ba03169f2a05,CVE-2026-28389,libssl3t64,3.5.5-1~deb13u1,3.5.5-1~deb13u2,Low,CWE-476,,Trivy
library/nginx,sha256:86d1d130d9ed716b96c63669f19ca4b67d7ef7412dae09c04ce3ba03169f2a05,CVE-2026-33165,libde265-0,1.0.15-1+b3,,Medium,CWE-787,"{""CVSS"": {""nvd"": {""V3Score"": 5, ""V3Vector"": ""CVSS:3.1/AV:L/AC:L/PR:L/UI:R/S:U/C:N/I:N/A:H""}}}",Trivy
library/golang,sha256:2af0a96902abbe2f6c14d2e4beb9180d14bd9c406e605da8a472a6dae409995c,CVE-2025-69421,libssl3,3.3.2-r4,3.3.6-r0,High,CWE-476,"{""CVSS"": {""nvd"": {""V3Score"": 7.5, ""V3Vector"": ""CVSS:3.1/AV:N/AC:L/PR:N/UI:N/S:U/C:N/I:N/A:H""}, ""redhat"": {""V3Score"": 6.5, ""V3Vector"": ""CVSS:3.1/AV:N/AC:L/PR:N/UI:R/S:U/C:N/I:N/A:H""}}}",Trivy
library/lmhinnel/flappy,sha256:79f3d67a6fa16be7d9e108aa4ae123a436f54f83b4a413f63862a75be4f78b97,CVE-2026-32282,stdlib,1.26.1,"1.25.9, 1.26.2",Unknown,,,Trivy
library/golang,sha256:2af0a96902abbe2f6c14d2e4beb9180d14bd9c406e605da8a472a6dae409995c,CVE-2025-69420,libssl3,3.3.2-r4,3.3.6-r0,Medium,CWE-754,"{""CVSS"": {""redhat"": {""V3Score"": 5.9, ""V3Vector"": ""CVSS:3.1/AV:N/AC:H/PR:N/UI:N/S:U/C:N/I:N/A:H""}}}",Trivy
library/nginx,sha256:86d1d130d9ed716b96c63669f19ca4b67d7ef7412dae09c04ce3ba03169f2a05,CVE-2026-27456,libsmartcols1,2.41-5,,Medium,"CWE-59,CWE-269,CWE-367","{""CVSS"": {""redhat"": {""V3Score"": 4.7, ""V3Vector"": ""CVSS:3.1/AV:L/AC:H/PR:L/UI:N/S:U/C:H/I:N/A:N""}}}",Trivy
library/golang,sha256:2af0a96902abbe2f6c14d2e4beb9180d14bd9c406e605da8a472a6dae409995c,CVE-2025-58189,stdlib,v1.22.12,"1.24.8, 1.25.2",Medium,CWE-532,"{""CVSS"": {""redhat"": {""V3Score"": 5.3, ""V3Vector"": ""CVSS:3.1/AV:N/AC:L/PR:N/UI:N/S:U/C:N/I:L/A:N""}, ""bitnami"": {""V3Score"": 5.3, ""V3Vector"": ""CVSS:3.1/AV:N/AC:L/PR:N/UI:N/S:U/C:L/I:N/A:N""}}}",Trivy
library/golang,sha256:2af0a96902abbe2f6c14d2e4beb9180d14bd9c406e605da8a472a6dae409995c,CVE-2026-32281,stdlib,v1.22.12,"1.25.9, 1.26.2",Medium,,"{""CVSS"": {""redhat"": {""V3Score"": 5.9, ""V3Vector"": ""CVSS:3.1/AV:N/AC:H/PR:N/UI:N/S:U/C:N/I:N/A:H""}}}",Trivy
library/nginx,sha256:86d1d130d9ed716b96c63669f19ca4b67d7ef7412dae09c04ce3ba03169f2a05,CVE-2026-31790,openssl,3.5.5-1~deb13u1,3.5.5-1~deb13u2,Medium,CWE-754,"{""CVSS"": {""redhat"": {""V3Score"": 5.9, ""V3Vector"": ""CVSS:3.1/AV:N/AC:H/PR:N/UI:N/S:U/C:H/I:N/A:N""}}}",Trivy
library/golang,sha256:2af0a96902abbe2f6c14d2e4beb9180d14bd9c406e605da8a472a6dae409995c,CVE-2025-58185,stdlib,v1.22.12,"1.24.8, 1.25.2",Medium,CWE-770,"{""CVSS"": {""redhat"": {""V3Score"": 5.3, ""V3Vector"": ""CVSS:3.1/AV:N/AC:L/PR:N/UI:N/S:U/C:N/I:N/A:L""}, ""bitnami"": {""V3Score"": 5.3, ""V3Vector"": ""CVSS:3.1/AV:N/AC:L/PR:N/UI:N/S:U/C:N/I:N/A:L""}}}",Trivy
library/nginx,sha256:86d1d130d9ed716b96c63669f19ca4b67d7ef7412dae09c04ce3ba03169f2a05,CVE-2025-14104,libmount1,2.41-5,,Low,CWE-125,"{""CVSS"": {""redhat"": {""V3Score"": 6.1, ""V3Vector"": ""CVSS:3.1/AV:L/AC:L/PR:L/UI:N/S:U/C:L/I:N/A:H""}}}",Trivy
library/lmhinnel/flappy,sha256:79f3d67a6fa16be7d9e108aa4ae123a436f54f83b4a413f63862a75be4f78b97,CVE-2026-28388,libssl3t64,3.0.13-0ubuntu3.7,3.0.13-0ubuntu3.9,Low,CWE-476,,Trivy
library/nginx,sha256:86d1d130d9ed716b96c63669f19ca4b67d7ef7412dae09c04ce3ba03169f2a05,CVE-2022-1210,libtiff6,4.7.0-3+deb13u1,,Low,"CWE-400,CWE-404","{""CVSS"": {""nvd"": {""V2Score"": 4.3, ""V3Score"": 6.5, ""V2Vector"": ""AV:N/AC:M/Au:N/C:N/I:N/A:P"", ""V3Vector"": ""CVSS:3.1/AV:N/AC:L/PR:N/UI:R/S:U/C:N/I:N/A:H""}, ""redhat"": {""V3Score"": 4.3, ""V3Vector"": ""CVSS:3.1/AV:N/AC:L/PR:N/UI:R/S:U/C:N/I:N/A:L""}}}",Trivy
library/nginx,sha256:86d1d130d9ed716b96c63669f19ca4b67d7ef7412dae09c04ce3ba03169f2a05,CVE-2026-28389,openssl,3.5.5-1~deb13u1,3.5.5-1~deb13u2,Low,CWE-476,,Trivy
library/nginx,sha256:86d1d130d9ed716b96c63669f19ca4b67d7ef7412dae09c04ce3ba03169f2a05,CVE-2026-29111,libudev1,257.9-1~deb13u1,,High,CWE-269,"{""CVSS"": {""redhat"": {""V3Score"": 7.8, ""V3Vector"": ""CVSS:3.1/AV:L/AC:L/PR:L/UI:N/S:U/C:H/I:H/A:H""}}}",Trivy
library/nginx,sha256:86d1d130d9ed716b96c63669f19ca4b67d7ef7412dae09c04ce3ba03169f2a05,CVE-2026-40228,libsystemd0,257.9-1~deb13u1,,Unknown,CWE-669,,Trivy
library/nginx,sha256:86d1d130d9ed716b96c63669f19ca4b67d7ef7412dae09c04ce3ba03169f2a05,CVE-2025-14104,libsmartcols1,2.41-5,,Low,CWE-125,"{""CVSS"": {""redhat"": {""V3Score"": 6.1, ""V3Vector"": ""CVSS:3.1/AV:L/AC:L/PR:L/UI:N/S:U/C:L/I:N/A:H""}}}",Trivy
library/nginx,sha256:86d1d130d9ed716b96c63669f19ca4b67d7ef7412dae09c04ce3ba03169f2a05,CVE-2025-70873,libsqlite3-0,3.46.1-7+deb13u1,,Low,CWE-244,"{""CVSS"": {""redhat"": {""V3Score"": 3.3, ""V3Vector"": ""CVSS:3.1/AV:L/AC:L/PR:N/UI:R/S:U/C:L/I:N/A:N""}}}",Trivy
library/lmhinnel/flappy,sha256:79f3d67a6fa16be7d9e108aa4ae123a436f54f83b4a413f63862a75be4f78b97,CVE-2024-2236,libgcrypt20,1.10.3-2build1,,Low,CWE-385,"{""CVSS"": {""redhat"": {""V3Score"": 5.9, ""V3Vector"": ""CVSS:3.1/AV:N/AC:H/PR:N/UI:N/S:U/C:H/I:N/A:N""}}}",Trivy
library/nginx,sha256:86d1d130d9ed716b96c63669f19ca4b67d7ef7412dae09c04ce3ba03169f2a05,CVE-2026-31790,openssl-provider-legacy,3.5.5-1~deb13u1,3.5.5-1~deb13u2,Medium,CWE-754,"{""CVSS"": {""redhat"": {""V3Score"": 5.9, ""V3Vector"": ""CVSS:3.1/AV:N/AC:H/PR:N/UI:N/S:U/C:H/I:N/A:N""}}}",Trivy
library/lmhinnel/flappy,sha256:79f3d67a6fa16be7d9e108aa4ae123a436f54f83b4a413f63862a75be4f78b97,CVE-2026-34986,github.com/go-jose/go-jose/v4,v4.1.3,4.1.4,High,CWE-248,"{""CVSS"": {""ghsa"": {""V3Score"": 7.5, ""V3Vector"": ""CVSS:3.1/AV:N/AC:L/PR:N/UI:N/S:U/C:N/I:N/A:H""}, ""redhat"": {""V3Score"": 7.5, ""V3Vector"": ""CVSS:3.1/AV:N/AC:L/PR:N/UI:N/S:U/C:N/I:N/A:H""}}}",Trivy
library/nginx,sha256:86d1d130d9ed716b96c63669f19ca4b67d7ef7412dae09c04ce3ba03169f2a05,CVE-2026-28390,openssl-provider-legacy,3.5.5-1~deb13u1,3.5.5-1~deb13u2,High,CWE-476,"{""CVSS"": {""redhat"": {""V3Score"": 7.5, ""V3Vector"": ""CVSS:3.1/AV:N/AC:L/PR:N/UI:N/S:U/C:N/I:N/A:H""}}}",Trivy
library/nginx,sha256:86d1d130d9ed716b96c63669f19ca4b67d7ef7412dae09c04ce3ba03169f2a05,CVE-2019-1010022,libc6,2.41-12+deb13u2,,Low,CWE-119,"{""CVSS"": {""nvd"": {""V2Score"": 7.5, ""V3Score"": 9.8, ""V2Vector"": ""AV:N/AC:L/Au:N/C:P/I:P/A:P"", ""V3Vector"": ""CVSS:3.0/AV:N/AC:L/PR:N/UI:N/S:U/C:H/I:H/A:H""}}}",Trivy
library/lmhinnel/flappy,sha256:79f3d67a6fa16be7d9e108aa4ae123a436f54f83b4a413f63862a75be4f78b97,CVE-2026-31789,openssl,3.0.13-0ubuntu3.7,3.0.13-0ubuntu3.9,Low,CWE-787,,Trivy
library/nginx,sha256:86d1d130d9ed716b96c63669f19ca4b67d7ef7412dae09c04ce3ba03169f2a05,CVE-2025-15079,curl,8.14.1-2+deb13u2,,Low,CWE-297,"{""CVSS"": {""redhat"": {""V3Score"": 8.1, ""V3Vector"": ""CVSS:3.1/AV:N/AC:L/PR:L/UI:N/S:U/C:H/I:H/A:N""}}}",Trivy
library/lmhinnel/flappy,sha256:79f3d67a6fa16be7d9e108aa4ae123a436f54f83b4a413f63862a75be4f78b97,CVE-2026-33762,github.com/go-git/go-git/v5,v5.17.0,5.17.1,Low,CWE-129,"{""CVSS"": {""ghsa"": {""V3Score"": 2.8, ""V3Vector"": ""CVSS:3.1/AV:L/AC:L/PR:L/UI:R/S:U/C:N/I:N/A:L""}, ""redhat"": {""V3Score"": 2.8, ""V3Vector"": ""CVSS:3.1/AV:L/AC:L/PR:L/UI:R/S:U/C:N/I:N/A:L""}}}",Trivy
library/nginx,sha256:86d1d130d9ed716b96c63669f19ca4b67d7ef7412dae09c04ce3ba03169f2a05,CVE-2026-28387,openssl,3.5.5-1~deb13u1,3.5.5-1~deb13u2,Low,CWE-416,,Trivy
library/nginx,sha256:86d1d130d9ed716b96c63669f19ca4b67d7ef7412dae09c04ce3ba03169f2a05,CVE-2024-56433,passwd,1:4.17.4-2,,Low,CWE-1188,"{""CVSS"": {""redhat"": {""V3Score"": 3.6, ""V3Vector"": ""CVSS:3.1/AV:L/AC:H/PR:L/UI:N/S:U/C:L/I:L/A:N""}}}",Trivy
library/lmhinnel/flappy,sha256:79f3d67a6fa16be7d9e108aa4ae123a436f54f83b4a413f63862a75be4f78b97,CVE-2026-31790,openssl,3.0.13-0ubuntu3.7,3.0.13-0ubuntu3.9,Medium,CWE-754,"{""CVSS"": {""redhat"": {""V3Score"": 5.9, ""V3Vector"": ""CVSS:3.1/AV:N/AC:H/PR:N/UI:N/S:U/C:H/I:N/A:N""}}}",Trivy
library/nginx,sha256:86d1d130d9ed716b96c63669f19ca4b67d7ef7412dae09c04ce3ba03169f2a05,CVE-2025-6141,libtinfo6,6.5+20250216-2,,Low,"CWE-119,CWE-121","{""CVSS"": {""redhat"": {""V3Score"": 3.3, ""V3Vector"": ""CVSS:3.1/AV:L/AC:L/PR:L/UI:N/S:U/C:N/I:N/A:L""}}}",Trivy
library/nginx,sha256:86d1d130d9ed716b96c63669f19ca4b67d7ef7412dae09c04ce3ba03169f2a05,CVE-2025-68431,libheif-plugin-dav1d,1.19.8-1,,High,"CWE-125,CWE-190","{""CVSS"": {""nvd"": {""V3Score"": 7.1, ""V3Vector"": ""CVSS:3.1/AV:N/AC:L/PR:N/UI:R/S:U/C:L/I:N/A:H""}}}",Trivy
library/lmhinnel/flappy,sha256:79f3d67a6fa16be7d9e108aa4ae123a436f54f83b4a413f63862a75be4f78b97,CVE-2026-32288,stdlib,v1.26.1,"1.25.9, 1.26.2",Medium,,"{""CVSS"": {""redhat"": {""V3Score"": 4.3, ""V3Vector"": ""CVSS:3.1/AV:N/AC:L/PR:N/UI:R/S:U/C:N/I:N/A:L""}}}",Trivy
library/lmhinnel/flappy,sha256:79f3d67a6fa16be7d9e108aa4ae123a436f54f83b4a413f63862a75be4f78b97,CVE-2026-32282,stdlib,v1.26.1,"1.25.9, 1.26.2",Unknown,,,Trivy
library/nginx,sha256:86d1d130d9ed716b96c63669f19ca4b67d7ef7412dae09c04ce3ba03169f2a05,CVE-2026-4438,libc-bin,2.41-12+deb13u2,,Medium,"CWE-20,CWE-88","{""CVSS"": {""redhat"": {""V3Score"": 4, ""V3Vector"": ""CVSS:3.1/AV:L/AC:L/PR:N/UI:N/S:U/C:N/I:L/A:N""}}}",Trivy
library/golang,sha256:2af0a96902abbe2f6c14d2e4beb9180d14bd9c406e605da8a472a6dae409995c,CVE-2024-58251,busybox-binsh,1.37.0-r9,1.37.0-r14,Medium,CWE-150,,Trivy
library/lmhinnel/flappy,sha256:79f3d67a6fa16be7d9e108aa4ae123a436f54f83b4a413f63862a75be4f78b97,CVE-2026-32288,stdlib,1.26.1,"1.25.9, 1.26.2",Medium,,"{""CVSS"": {""redhat"": {""V3Score"": 4.3, ""V3Vector"": ""CVSS:3.1/AV:N/AC:L/PR:N/UI:R/S:U/C:N/I:N/A:L""}}}",Trivy
library/nginx,sha256:86d1d130d9ed716b96c63669f19ca4b67d7ef7412dae09c04ce3ba03169f2a05,CVE-2026-3713,libpng16-16t64,1.6.48-1+deb13u4,,Low,"CWE-119,CWE-122","{""CVSS"": {""redhat"": {""V3Score"": 5.3, ""V3Vector"": ""CVSS:3.1/AV:L/AC:L/PR:L/UI:N/S:U/C:L/I:L/A:L""}}}",Trivy
library/nginx,sha256:86d1d130d9ed716b96c63669f19ca4b67d7ef7412dae09c04ce3ba03169f2a05,CVE-2011-3374,apt,3.0.3,,Low,CWE-347,"{""CVSS"": {""nvd"": {""V2Score"": 4.3, ""V3Score"": 3.7, ""V2Vector"": ""AV:N/AC:M/Au:N/C:N/I:P/A:N"", ""V3Vector"": ""CVSS:3.1/AV:N/AC:H/PR:N/UI:N/S:U/C:N/I:L/A:N""}}}",Trivy
library/nginx,sha256:86d1d130d9ed716b96c63669f19ca4b67d7ef7412dae09c04ce3ba03169f2a05,CVE-2026-27456,liblastlog2-2,2.41-5,,Medium,"CWE-59,CWE-269,CWE-367","{""CVSS"": {""redhat"": {""V3Score"": 4.7, ""V3Vector"": ""CVSS:3.1/AV:L/AC:H/PR:L/UI:N/S:U/C:H/I:N/A:N""}}}",Trivy
library/nginx,sha256:86d1d130d9ed716b96c63669f19ca4b67d7ef7412dae09c04ce3ba03169f2a05,CVE-2025-10966,libcurl4t64,8.14.1-2+deb13u2,,Low,,"{""CVSS"": {""redhat"": {""V3Score"": 5.9, ""V3Vector"": ""CVSS:3.1/AV:N/AC:H/PR:N/UI:N/S:U/C:H/I:N/A:N""}}}",Trivy
library/nginx,sha256:86d1d130d9ed716b96c63669f19ca4b67d7ef7412dae09c04ce3ba03169f2a05,CVE-2025-6141,ncurses-bin,6.5+20250216-2,,Low,"CWE-119,CWE-121","{""CVSS"": {""redhat"": {""V3Score"": 3.3, ""V3Vector"": ""CVSS:3.1/AV:L/AC:L/PR:L/UI:N/S:U/C:N/I:N/A:L""}}}",Trivy
library/nginx,sha256:86d1d130d9ed716b96c63669f19ca4b67d7ef7412dae09c04ce3ba03169f2a05,CVE-2026-27456,util-linux,2.41-5,,Medium,"CWE-59,CWE-269,CWE-367","{""CVSS"": {""redhat"": {""V3Score"": 4.7, ""V3Vector"": ""CVSS:3.1/AV:L/AC:H/PR:L/UI:N/S:U/C:H/I:N/A:N""}}}",Trivy
library/nginx,sha256:86d1d130d9ed716b96c63669f19ca4b67d7ef7412dae09c04ce3ba03169f2a05,CVE-2026-3783,libcurl4t64,8.14.1-2+deb13u2,,Medium,CWE-522,"{""CVSS"": {""redhat"": {""V3Score"": 5.7, ""V3Vector"": ""CVSS:3.1/AV:N/AC:L/PR:L/UI:R/S:U/C:H/I:N/A:N""}}}",Trivy
library/lmhinnel/flappy,sha256:79f3d67a6fa16be7d9e108aa4ae123a436f54f83b4a413f63862a75be4f78b97,CVE-2024-56433,login,1:4.13+dfsg1-4ubuntu3.2,,Low,CWE-1188,"{""CVSS"": {""redhat"": {""V3Score"": 3.6, ""V3Vector"": ""CVSS:3.1/AV:L/AC:H/PR:L/UI:N/S:U/C:L/I:L/A:N""}}}",Trivy
library/golang,sha256:2af0a96902abbe2f6c14d2e4beb9180d14bd9c406e605da8a472a6dae409995c,CVE-2025-68121,stdlib,v1.22.12,"1.24.13, 1.25.7, 1.26.0-rc.3",Critical,CWE-295,"{""CVSS"": {""nvd"": {""V3Score"": 10, ""V3Vector"": ""CVSS:3.1/AV:N/AC:L/PR:N/UI:N/S:C/C:H/I:H/A:H""}, ""redhat"": {""V3Score"": 7.4, ""V3Vector"": ""CVSS:3.1/AV:N/AC:H/PR:N/UI:N/S:U/C:H/I:H/A:N""}, ""bitnami"": {""V3Score"": 10, ""V3Vector"": ""CVSS:3.1/AV:N/AC:L/PR:N/UI:N/S:C/C:H/I:H/A:H""}}}",Trivy
library/golang,sha256:2af0a96902abbe2f6c14d2e4beb9180d14bd9c406e605da8a472a6dae409995c,CVE-2025-61726,stdlib,v1.22.12,"1.24.12, 1.25.6",High,CWE-770,"{""CVSS"": {""redhat"": {""V3Score"": 7.5, ""V3Vector"": ""CVSS:3.1/AV:N/AC:L/PR:N/UI:N/S:U/C:N/I:N/A:H""}, ""bitnami"": {""V3Score"": 7.5, ""V3Vector"": ""CVSS:3.1/AV:N/AC:L/PR:N/UI:N/S:U/C:N/I:N/A:H""}}}",Trivy
library/nginx,sha256:86d1d130d9ed716b96c63669f19ca4b67d7ef7412dae09c04ce3ba03169f2a05,CVE-2025-14017,curl,8.14.1-2+deb13u2,,Low,,"{""CVSS"": {""redhat"": {""V3Score"": 4.8, ""V3Vector"": ""CVSS:3.1/AV:N/AC:H/PR:N/UI:N/S:U/C:L/I:L/A:N""}}}",Trivy
library/nginx,sha256:86d1d130d9ed716b96c63669f19ca4b67d7ef7412dae09c04ce3ba03169f2a05,CVE-2025-69720,libtinfo6,6.5+20250216-2,,High,"CWE-121,CWE-120","{""CVSS"": {""nvd"": {""V3Score"": 7.8, ""V3Vector"": ""CVSS:3.1/AV:L/AC:L/PR:N/UI:R/S:U/C:H/I:H/A:H""}, ""redhat"": {""V3Score"": 7.8, ""V3Vector"": ""CVSS:3.1/AV:L/AC:L/PR:L/UI:N/S:U/C:H/I:H/A:H""}}}",Trivy
library/lmhinnel/flappy,sha256:79f3d67a6fa16be7d9e108aa4ae123a436f54f83b4a413f63862a75be4f78b97,CVE-2026-26960,tar,7.5.7,7.5.8,High,CWE-22,"{""CVSS"": {""nvd"": {""V3Score"": 7.1, ""V3Vector"": ""CVSS:3.1/AV:L/AC:L/PR:N/UI:R/S:U/C:H/I:H/A:N""}, ""ghsa"": {""V3Score"": 7.1, ""V3Vector"": ""CVSS:3.1/AV:L/AC:L/PR:N/UI:R/S:U/C:H/I:H/A:N""}, ""redhat"": {""V3Score"": 7.1, ""V3Vector"": ""CVSS:3.1/AV:L/AC:L/PR:N/UI:R/S:U/C:H/I:H/A:N""}}}",Trivy
library/nginx,sha256:86d1d130d9ed716b96c63669f19ca4b67d7ef7412dae09c04ce3ba03169f2a05,CVE-2011-4116,perl-base,5.40.1-6,,Low,CWE-59,"{""CVSS"": {""nvd"": {""V2Score"": 1.5, ""V3Score"": 3.3, ""V2Vector"": ""AV:L/AC:M/Au:S/C:N/I:P/A:N"", ""V3Vector"": ""CVSS:3.1/AV:L/AC:L/PR:L/UI:N/S:U/C:N/I:L/A:N""}, ""redhat"": {""V2Score"": 1.9, ""V2Vector"": ""AV:L/AC:M/Au:N/C:N/I:P/A:N""}}}",Trivy
library/golang,sha256:2af0a96902abbe2f6c14d2e4beb9180d14bd9c406e605da8a472a6dae409995c,CVE-2026-28387,libcrypto3,3.3.2-r4,3.3.7-r0,Low,CWE-416,,Trivy
library/nginx,sha256:86d1d130d9ed716b96c63669f19ca4b67d7ef7412dae09c04ce3ba03169f2a05,CVE-2026-3184,liblastlog2-2,2.41-5,,Low,CWE-289,"{""CVSS"": {""redhat"": {""V3Score"": 3.7, ""V3Vector"": ""CVSS:3.1/AV:N/AC:H/PR:N/UI:N/S:U/C:N/I:L/A:N""}}}",Trivy
library/nginx,sha256:86d1d130d9ed716b96c63669f19ca4b67d7ef7412dae09c04ce3ba03169f2a05,CVE-2025-8177,libtiff6,4.7.0-3+deb13u1,,Low,"CWE-119,CWE-120","{""CVSS"": {""nvd"": {""V3Score"": 7.8, ""V3Vector"": ""CVSS:3.1/AV:L/AC:L/PR:L/UI:N/S:U/C:H/I:H/A:H""}, ""redhat"": {""V3Score"": 7.8, ""V3Vector"": ""CVSS:3.1/AV:L/AC:L/PR:L/UI:N/S:U/C:H/I:H/A:H""}}}",Trivy
library/golang,sha256:2af0a96902abbe2f6c14d2e4beb9180d14bd9c406e605da8a472a6dae409995c,CVE-2025-26519,musl,1.2.5-r8,1.2.5-r9,High,CWE-787,"{""CVSS"": {""nvd"": {""V3Score"": 7, ""V3Vector"": ""CVSS:3.1/AV:L/AC:H/PR:L/UI:N/S:U/C:H/I:H/A:H""}}}",Trivy
library/lmhinnel/flappy,sha256:79f3d67a6fa16be7d9e108aa4ae123a436f54f83b4a413f63862a75be4f78b97,CVE-2026-33671,picomatch,4.0.3,"4.0.4, 3.0.2, 2.3.2",High,CWE-1333,"{""CVSS"": {""ghsa"": {""V3Score"": 7.5, ""V3Vector"": ""CVSS:3.1/AV:N/AC:L/PR:N/UI:N/S:U/C:N/I:N/A:H""}, ""redhat"": {""V3Score"": 6.5, ""V3Vector"": ""CVSS:3.1/AV:N/AC:L/PR:L/UI:N/S:U/C:N/I:N/A:H""}}}",Trivy
library/nginx,sha256:86d1d130d9ed716b96c63669f19ca4b67d7ef7412dae09c04ce3ba03169f2a05,CVE-2025-68431,libheif-plugin-libde265,1.19.8-1,,High,"CWE-125,CWE-190","{""CVSS"": {""nvd"": {""V3Score"": 7.1, ""V3Vector"": ""CVSS:3.1/AV:N/AC:L/PR:N/UI:R/S:U/C:L/I:N/A:H""}}}",Trivy
library/nginx,sha256:86d1d130d9ed716b96c63669f19ca4b67d7ef7412dae09c04ce3ba03169f2a05,CVE-2026-4105,libsystemd0,257.9-1~deb13u1,,Medium,CWE-284,"{""CVSS"": {""redhat"": {""V3Score"": 6.7, ""V3Vector"": ""CVSS:3.1/AV:L/AC:H/PR:L/UI:R/S:U/C:H/I:H/A:H""}}}",Trivy
library/golang,sha256:2af0a96902abbe2f6c14d2e4beb9180d14bd9c406e605da8a472a6dae409995c,CVE-2025-61729,stdlib,v1.22.12,"1.24.11, 1.25.5",High,CWE-295,"{""CVSS"": {""redhat"": {""V3Score"": 7.5, ""V3Vector"": ""CVSS:3.1/AV:N/AC:L/PR:N/UI:N/S:U/C:N/I:N/A:H""}, ""bitnami"": {""V3Score"": 7.5, ""V3Vector"": ""CVSS:3.1/AV:N/AC:L/PR:N/UI:N/S:U/C:N/I:N/A:H""}}}",Trivy
library/golang,sha256:2af0a96902abbe2f6c14d2e4beb9180d14bd9c406e605da8a472a6dae409995c,CVE-2026-31790,libcrypto3,3.3.2-r4,3.3.7-r0,Medium,CWE-754,"{""CVSS"": {""redhat"": {""V3Score"": 5.9, ""V3Vector"": ""CVSS:3.1/AV:N/AC:H/PR:N/UI:N/S:U/C:H/I:N/A:N""}}}",Trivy
library/nginx,sha256:86d1d130d9ed716b96c63669f19ca4b67d7ef7412dae09c04ce3ba03169f2a05,CVE-2024-26461,libk5crypto3,1.21.3-5,,Low,CWE-770,"{""CVSS"": {""redhat"": {""V3Score"": 5.9, ""V3Vector"": ""CVSS:3.1/AV:N/AC:H/PR:N/UI:N/S:U/C:N/I:N/A:H""}}}",Trivy
library/nginx,sha256:86d1d130d9ed716b96c63669f19ca4b67d7ef7412dae09c04ce3ba03169f2a05,CVE-2026-22185,libldap2,2.6.10+dfsg-1,,Low,"CWE-125,CWE-191","{""CVSS"": {""redhat"": {""V3Score"": 6.8, ""V3Vector"": ""CVSS:3.1/AV:L/AC:L/PR:N/UI:N/S:U/C:L/I:N/A:H""}}}",Trivy
library/golang,sha256:2af0a96902abbe2f6c14d2e4beb9180d14bd9c406e605da8a472a6dae409995c,CVE-2025-26519,musl-utils,1.2.5-r8,1.2.5-r9,High,CWE-787,"{""CVSS"": {""nvd"": {""V3Score"": 7, ""V3Vector"": ""CVSS:3.1/AV:L/AC:H/PR:L/UI:N/S:U/C:H/I:H/A:H""}}}",Trivy
library/nginx,sha256:86d1d130d9ed716b96c63669f19ca4b67d7ef7412dae09c04ce3ba03169f2a05,CVE-2025-15079,libcurl4t64,8.14.1-2+deb13u2,,Low,CWE-297,"{""CVSS"": {""redhat"": {""V3Score"": 8.1, ""V3Vector"": ""CVSS:3.1/AV:N/AC:L/PR:L/UI:N/S:U/C:H/I:H/A:N""}}}",Trivy
library/nginx,sha256:86d1d130d9ed716b96c63669f19ca4b67d7ef7412dae09c04ce3ba03169f2a05,CVE-2019-1010025,libc-bin,2.41-12+deb13u2,,Low,CWE-330,"{""CVSS"": {""nvd"": {""V2Score"": 5, ""V3Score"": 5.3, ""V2Vector"": ""AV:N/AC:L/Au:N/C:P/I:N/A:N"", ""V3Vector"": ""CVSS:3.0/AV:N/AC:L/PR:N/UI:N/S:U/C:L/I:N/A:N""}, ""redhat"": {""V3Score"": 2.9, ""V3Vector"": ""CVSS:3.0/AV:L/AC:H/PR:N/UI:N/S:U/C:L/I:N/A:N""}}}",Trivy
library/nginx,sha256:86d1d130d9ed716b96c63669f19ca4b67d7ef7412dae09c04ce3ba03169f2a05,TEMP-0841856-B18BAF,bash,5.2.37-2+b8,,Low,,,Trivy
library/nginx,sha256:86d1d130d9ed716b96c63669f19ca4b67d7ef7412dae09c04ce3ba03169f2a05,CVE-2026-27456,libblkid1,2.41-5,,Medium,"CWE-59,CWE-269,CWE-367","{""CVSS"": {""redhat"": {""V3Score"": 4.7, ""V3Vector"": ""CVSS:3.1/AV:L/AC:H/PR:L/UI:N/S:U/C:H/I:N/A:N""}}}",Trivy
library/nginx,sha256:86d1d130d9ed716b96c63669f19ca4b67d7ef7412dae09c04ce3ba03169f2a05,CVE-2026-28388,openssl,3.5.5-1~deb13u1,3.5.5-1~deb13u2,Low,CWE-476,,Trivy
library/nginx,sha256:86d1d130d9ed716b96c63669f19ca4b67d7ef7412dae09c04ce3ba03169f2a05,CVE-2025-14524,curl,8.14.1-2+deb13u2,,Medium,CWE-601,"{""CVSS"": {""redhat"": {""V3Score"": 6.5, ""V3Vector"": ""CVSS:3.1/AV:N/AC:L/PR:N/UI:R/S:U/C:H/I:N/A:N""}}}",Trivy
library/nginx,sha256:86d1d130d9ed716b96c63669f19ca4b67d7ef7412dae09c04ce3ba03169f2a05,CVE-2026-4438,libc6,2.41-12+deb13u2,,Medium,"CWE-20,CWE-88","{""CVSS"": {""redhat"": {""V3Score"": 4, ""V3Vector"": ""CVSS:3.1/AV:L/AC:L/PR:N/UI:N/S:U/C:N/I:L/A:N""}}}",Trivy
library/nginx,sha256:86d1d130d9ed716b96c63669f19ca4b67d7ef7412dae09c04ce3ba03169f2a05,CVE-2015-9019,libxslt1.1,1.1.35-1.2+deb13u2,,Low,CWE-330,"{""CVSS"": {""nvd"": {""V2Score"": 5, ""V3Score"": 5.3, ""V2Vector"": ""AV:N/AC:L/Au:N/C:P/I:N/A:N"", ""V3Vector"": ""CVSS:3.0/AV:N/AC:L/PR:N/UI:N/S:U/C:L/I:N/A:N""}, ""redhat"": {""V3Score"": 4, ""V3Vector"": ""CVSS:3.0/AV:L/AC:H/PR:N/UI:N/S:U/C:L/I:L/A:N""}}}",Trivy
library/golang,sha256:2af0a96902abbe2f6c14d2e4beb9180d14bd9c406e605da8a472a6dae409995c,CVE-2025-61725,stdlib,v1.22.12,"1.24.8, 1.25.2",Medium,,"{""CVSS"": {""redhat"": {""V3Score"": 5.3, ""V3Vector"": ""CVSS:3.1/AV:N/AC:L/PR:N/UI:N/S:U/C:N/I:N/A:L""}, ""bitnami"": {""V3Score"": 7.5, ""V3Vector"": ""CVSS:3.1/AV:N/AC:L/PR:N/UI:N/S:U/C:N/I:N/A:H""}}}",Trivy
library/lmhinnel/flappy,sha256:79f3d67a6fa16be7d9e108aa4ae123a436f54f83b4a413f63862a75be4f78b97,CVE-2026-32281,stdlib,1.26.1,"1.25.9, 1.26.2",Medium,,"{""CVSS"": {""redhat"": {""V3Score"": 5.9, ""V3Vector"": ""CVSS:3.1/AV:N/AC:H/PR:N/UI:N/S:U/C:N/I:N/A:H""}}}",Trivy
library/nginx,sha256:86d1d130d9ed716b96c63669f19ca4b67d7ef7412dae09c04ce3ba03169f2a05,CVE-2025-14104,login,1:4.16.0-2+really2.41-5,,Low,CWE-125,"{""CVSS"": {""redhat"": {""V3Score"": 6.1, ""V3Vector"": ""CVSS:3.1/AV:L/AC:L/PR:L/UI:N/S:U/C:L/I:N/A:H""}}}",Trivy
library/golang,sha256:2af0a96902abbe2f6c14d2e4beb9180d14bd9c406e605da8a472a6dae409995c,CVE-2025-68160,libcrypto3,3.3.2-r4,3.3.6-r0,Medium,CWE-787,"{""CVSS"": {""redhat"": {""V3Score"": 4.7, ""V3Vector"": ""CVSS:3.1/AV:L/AC:H/PR:L/UI:N/S:U/C:N/I:N/A:H""}}}",Trivy
library/golang,sha256:2af0a96902abbe2f6c14d2e4beb9180d14bd9c406e605da8a472a6dae409995c,CVE-2024-12797,libcrypto3,3.3.2-r4,3.3.3-r0,High,CWE-392,"{""CVSS"": {""redhat"": {""V3Score"": 7.4, ""V3Vector"": ""CVSS:3.1/AV:N/AC:H/PR:N/UI:N/S:U/C:H/I:H/A:N""}}}",Trivy
library/nginx,sha256:86d1d130d9ed716b96c63669f19ca4b67d7ef7412dae09c04ce3ba03169f2a05,CVE-2017-17740,libldap2,2.6.10+dfsg-1,,Low,CWE-119,"{""CVSS"": {""nvd"": {""V2Score"": 5, ""V3Score"": 7.5, ""V2Vector"": ""AV:N/AC:L/Au:N/C:N/I:N/A:P"", ""V3Vector"": ""CVSS:3.1/AV:N/AC:L/PR:N/UI:N/S:U/C:N/I:N/A:H""}, ""redhat"": {""V3Score"": 5.9, ""V3Vector"": ""CVSS:3.0/AV:N/AC:H/PR:N/UI:N/S:U/C:N/I:N/A:H""}}}",Trivy
library/nginx,sha256:86d1d130d9ed716b96c63669f19ca4b67d7ef7412dae09c04ce3ba03169f2a05,CVE-2023-31438,libsystemd0,257.9-1~deb13u1,,Low,CWE-354,"{""CVSS"": {""nvd"": {""V3Score"": 5.3, ""V3Vector"": ""CVSS:3.1/AV:N/AC:L/PR:N/UI:N/S:U/C:N/I:L/A:N""}}}",Trivy
library/nginx,sha256:86d1d130d9ed716b96c63669f19ca4b67d7ef7412dae09c04ce3ba03169f2a05,CVE-2026-3949,libheif1,1.19.8-1,,Low,"CWE-119,CWE-125","{""CVSS"": {""redhat"": {""V3Score"": 3.3, ""V3Vector"": ""CVSS:3.1/AV:L/AC:L/PR:L/UI:N/S:U/C:N/I:N/A:L""}}}",Trivy
library/nginx,sha256:86d1d130d9ed716b96c63669f19ca4b67d7ef7412dae09c04ce3ba03169f2a05,CVE-2026-28388,libssl3t64,3.5.5-1~deb13u1,3.5.5-1~deb13u2,Low,CWE-476,,Trivy
library/golang,sha256:2af0a96902abbe2f6c14d2e4beb9180d14bd9c406e605da8a472a6dae409995c,CVE-2025-68160,libssl3,3.3.2-r4,3.3.6-r0,Medium,CWE-787,"{""CVSS"": {""redhat"": {""V3Score"": 4.7, ""V3Vector"": ""CVSS:3.1/AV:L/AC:H/PR:L/UI:N/S:U/C:N/I:N/A:H""}}}",Trivy
library/nginx,sha256:86d1d130d9ed716b96c63669f19ca4b67d7ef7412dae09c04ce3ba03169f2a05,CVE-2026-4775,libtiff6,4.7.0-3+deb13u1,4.7.0-3+deb13u2,High,CWE-190,"{""CVSS"": {""redhat"": {""V3Score"": 7.8, ""V3Vector"": ""CVSS:3.1/AV:L/AC:L/PR:N/UI:R/S:U/C:H/I:H/A:H""}}}",Trivy
library/nginx,sha256:86d1d130d9ed716b96c63669f19ca4b67d7ef7412dae09c04ce3ba03169f2a05,CVE-2021-45346,libsqlite3-0,3.46.1-7+deb13u1,,Low,CWE-401,"{""CVSS"": {""nvd"": {""V2Score"": 4, ""V3Score"": 4.3, ""V2Vector"": ""AV:N/AC:L/Au:S/C:P/I:N/A:N"", ""V3Vector"": ""CVSS:3.1/AV:N/AC:L/PR:L/UI:N/S:U/C:L/I:N/A:N""}, ""redhat"": {""V3Score"": 4.3, ""V3Vector"": ""CVSS:3.1/AV:N/AC:L/PR:L/UI:N/S:U/C:L/I:N/A:N""}, ""bitnami"": {""V3Score"": 4.3, ""V3Vector"": ""CVSS:3.1/AV:N/AC:L/PR:L/UI:N/S:U/C:L/I:N/A:N""}}}",Trivy
library/nginx,sha256:86d1d130d9ed716b96c63669f19ca4b67d7ef7412dae09c04ce3ba03169f2a05,CVE-2025-68431,libheif1,1.19.8-1,,High,"CWE-125,CWE-190","{""CVSS"": {""nvd"": {""V3Score"": 7.1, ""V3Vector"": ""CVSS:3.1/AV:N/AC:L/PR:N/UI:R/S:U/C:L/I:N/A:H""}}}",Trivy
library/golang,sha256:2af0a96902abbe2f6c14d2e4beb9180d14bd9c406e605da8a472a6dae409995c,CVE-2025-58187,stdlib,v1.22.12,"1.24.9, 1.25.3",Medium,CWE-407,"{""CVSS"": {""redhat"": {""V3Score"": 5.3, ""V3Vector"": ""CVSS:3.1/AV:N/AC:L/PR:N/UI:N/S:U/C:N/I:N/A:L""}, ""bitnami"": {""V3Score"": 7.5, ""V3Vector"": ""CVSS:3.1/AV:N/AC:L/PR:N/UI:N/S:U/C:N/I:N/A:H""}}}",Trivy
library/nginx,sha256:86d1d130d9ed716b96c63669f19ca4b67d7ef7412dae09c04ce3ba03169f2a05,CVE-2026-27456,libuuid1,2.41-5,,Medium,"CWE-59,CWE-269,CWE-367","{""CVSS"": {""redhat"": {""V3Score"": 4.7, ""V3Vector"": ""CVSS:3.1/AV:L/AC:H/PR:L/UI:N/S:U/C:H/I:N/A:N""}}}",Trivy
library/lmhinnel/flappy,sha256:79f3d67a6fa16be7d9e108aa4ae123a436f54f83b4a413f63862a75be4f78b97,GHSA-xmrv-pmrh-hhx2,github.com/aws/aws-sdk-go-v2/aws/protocol/eventstream,v1.7.7,1.7.8,Medium,,"{""CVSS"": {""ghsa"": {""V3Score"": 5.9, ""V3Vector"": ""CVSS:3.1/AV:N/AC:H/PR:N/UI:N/S:U/C:N/I:N/A:H""}}}",Trivy
library/nginx,sha256:86d1d130d9ed716b96c63669f19ca4b67d7ef7412dae09c04ce3ba03169f2a05,TEMP-0290435-0B57B5,tar,1.35+dfsg-3.1,,Low,,,Trivy
library/nginx,sha256:86d1d130d9ed716b96c63669f19ca4b67d7ef7412dae09c04ce3ba03169f2a05,CVE-2019-1010022,libc-bin,2.41-12+deb13u2,,Low,CWE-119,"{""CVSS"": {""nvd"": {""V2Score"": 7.5, ""V3Score"": 9.8, ""V2Vector"": ""AV:N/AC:L/Au:N/C:P/I:P/A:P"", ""V3Vector"": ""CVSS:3.0/AV:N/AC:L/PR:N/UI:N/S:U/C:H/I:H/A:H""}}}",Trivy
library/nginx,sha256:86d1d130d9ed716b96c63669f19ca4b67d7ef7412dae09c04ce3ba03169f2a05,CVE-2025-8176,libtiff6,4.7.0-3+deb13u1,,Low,"CWE-119,CWE-416","{""CVSS"": {""nvd"": {""V3Score"": 7.8, ""V3Vector"": ""CVSS:3.1/AV:L/AC:L/PR:L/UI:N/S:U/C:H/I:H/A:H""}, ""redhat"": {""V3Score"": 7.8, ""V3Vector"": ""CVSS:3.1/AV:L/AC:L/PR:L/UI:N/S:U/C:H/I:H/A:H""}}}",Trivy
library/nginx,sha256:86d1d130d9ed716b96c63669f19ca4b67d7ef7412dae09c04ce3ba03169f2a05,CVE-2024-38949,libde265-0,1.0.15-1+b3,,Medium,CWE-122,,Trivy
library/golang,sha256:2af0a96902abbe2f6c14d2e4beb9180d14bd9c406e605da8a472a6dae409995c,CVE-2025-69419,libcrypto3,3.3.2-r4,3.3.6-r0,High,CWE-787,"{""CVSS"": {""redhat"": {""V3Score"": 7.4, ""V3Vector"": ""CVSS:3.1/AV:N/AC:H/PR:N/UI:N/S:U/C:H/I:H/A:N""}}}",Trivy
library/golang,sha256:2af0a96902abbe2f6c14d2e4beb9180d14bd9c406e605da8a472a6dae409995c,CVE-2026-25679,stdlib,v1.22.12,"1.25.8, 1.26.1",High,,"{""CVSS"": {""redhat"": {""V3Score"": 7.5, ""V3Vector"": ""CVSS:3.1/AV:N/AC:L/PR:N/UI:N/S:U/C:N/I:N/A:H""}, ""bitnami"": {""V3Score"": 7.5, ""V3Vector"": ""CVSS:3.1/AV:N/AC:L/PR:N/UI:N/S:U/C:N/I:N/A:H""}}}",Trivy
library/nginx,sha256:86d1d130d9ed716b96c63669f19ca4b67d7ef7412dae09c04ce3ba03169f2a05,CVE-2026-32777,libexpat1,2.7.1-2,,Medium,CWE-835,"{""CVSS"": {""nvd"": {""V3Score"": 5.5, ""V3Vector"": ""CVSS:3.1/AV:L/AC:L/PR:L/UI:N/S:U/C:N/I:N/A:H""}, ""redhat"": {""V3Score"": 4, ""V3Vector"": ""CVSS:3.1/AV:L/AC:L/PR:N/UI:N/S:U/C:N/I:N/A:L""}}}",Trivy
library/nginx,sha256:86d1d130d9ed716b96c63669f19ca4b67d7ef7412dae09c04ce3ba03169f2a05,CVE-2026-27456,libmount1,2.41-5,,Medium,"CWE-59,CWE-269,CWE-367","{""CVSS"": {""redhat"": {""V3Score"": 4.7, ""V3Vector"": ""CVSS:3.1/AV:L/AC:H/PR:L/UI:N/S:U/C:H/I:N/A:N""}}}",Trivy
library/nginx,sha256:86d1d130d9ed716b96c63669f19ca4b67d7ef7412dae09c04ce3ba03169f2a05,CVE-2026-2673,libssl3t64,3.5.5-1~deb13u1,3.5.5-1~deb13u2,Low,CWE-757,"{""CVSS"": {""redhat"": {""V3Score"": 3.1, ""V3Vector"": ""CVSS:3.1/AV:N/AC:H/PR:L/UI:N/S:U/C:N/I:L/A:N""}}}",Trivy
library/nginx,sha256:86d1d130d9ed716b96c63669f19ca4b67d7ef7412dae09c04ce3ba03169f2a05,CVE-2026-28387,openssl-provider-legacy,3.5.5-1~deb13u1,3.5.5-1~deb13u2,Low,CWE-416,,Trivy
library/golang,sha256:2af0a96902abbe2f6c14d2e4beb9180d14bd9c406e605da8a472a6dae409995c,CVE-2026-6042,musl,1.2.5-r8,1.2.5-r10,Unknown,"CWE-404,CWE-407",,Trivy
library/golang,sha256:2af0a96902abbe2f6c14d2e4beb9180d14bd9c406e605da8a472a6dae409995c,CVE-2025-46394,busybox-binsh,1.37.0-r9,1.37.0-r14,Low,CWE-451,"{""CVSS"": {""nvd"": {""V3Score"": 3.3, ""V3Vector"": ""CVSS:3.1/AV:L/AC:L/PR:L/UI:N/S:U/C:N/I:L/A:N""}}}",Trivy
library/lmhinnel/flappy,sha256:79f3d67a6fa16be7d9e108aa4ae123a436f54f83b4a413f63862a75be4f78b97,CVE-2026-26996,minimatch,10.1.2,"10.2.1, 9.0.6, 8.0.5, 7.4.7, 6.2.1, 5.1.7, 4.2.4, 3.1.3",High,CWE-1333,"{""CVSS"": {""nvd"": {""V3Score"": 7.5, ""V3Vector"": ""CVSS:3.1/AV:N/AC:L/PR:N/UI:N/S:U/C:N/I:N/A:H""}, ""ghsa"": {}, ""redhat"": {""V3Score"": 6.5, ""V3Vector"": ""CVSS:3.1/AV:N/AC:L/PR:N/UI:R/S:U/C:N/I:N/A:H""}}}",Trivy
library/nginx,sha256:86d1d130d9ed716b96c63669f19ca4b67d7ef7412dae09c04ce3ba03169f2a05,CVE-2025-8732,libxml2,2.12.7+dfsg+really2.9.14-2.1+deb13u2,,Low,"CWE-404,CWE-674","{""CVSS"": {""redhat"": {""V3Score"": 3.3, ""V3Vector"": ""CVSS:3.1/AV:L/AC:L/PR:L/UI:N/S:U/C:N/I:N/A:L""}}}",Trivy
library/golang,sha256:2af0a96902abbe2f6c14d2e4beb9180d14bd9c406e605da8a472a6dae409995c,CVE-2026-31790,libssl3,3.3.2-r4,3.3.7-r0,Medium,CWE-754,"{""CVSS"": {""redhat"": {""V3Score"": 5.9, ""V3Vector"": ""CVSS:3.1/AV:N/AC:H/PR:N/UI:N/S:U/C:H/I:N/A:N""}}}",Trivy
library/lmhinnel/flappy,sha256:79f3d67a6fa16be7d9e108aa4ae123a436f54f83b4a413f63862a75be4f78b97,GHSA-xmrv-pmrh-hhx2,github.com/aws/aws-sdk-go-v2/service/s3,v1.97.1,1.97.3,Medium,,"{""CVSS"": {""ghsa"": {""V3Score"": 5.9, ""V3Vector"": ""CVSS:3.1/AV:N/AC:H/PR:N/UI:N/S:U/C:N/I:N/A:H""}}}",Trivy
library/nginx,sha256:86d1d130d9ed716b96c63669f19ca4b67d7ef7412dae09c04ce3ba03169f2a05,CVE-2026-3184,libuuid1,2.41-5,,Low,CWE-289,"{""CVSS"": {""redhat"": {""V3Score"": 3.7, ""V3Vector"": ""CVSS:3.1/AV:N/AC:H/PR:N/UI:N/S:U/C:N/I:L/A:N""}}}",Trivy
library/lmhinnel/flappy,sha256:79f3d67a6fa16be7d9e108aa4ae123a436f54f83b4a413f63862a75be4f78b97,CVE-2026-28390,libssl3t64,3.0.13-0ubuntu3.7,3.0.13-0ubuntu3.9,Low,CWE-476,"{""CVSS"": {""redhat"": {""V3Score"": 7.5, ""V3Vector"": ""CVSS:3.1/AV:N/AC:L/PR:N/UI:N/S:U/C:N/I:N/A:H""}}}",Trivy
library/nginx,sha256:86d1d130d9ed716b96c63669f19ca4b67d7ef7412dae09c04ce3ba03169f2a05,CVE-2026-3184,libblkid1,2.41-5,,Low,CWE-289,"{""CVSS"": {""redhat"": {""V3Score"": 3.7, ""V3Vector"": ""CVSS:3.1/AV:N/AC:H/PR:N/UI:N/S:U/C:N/I:L/A:N""}}}",Trivy
library/nginx,sha256:86d1d130d9ed716b96c63669f19ca4b67d7ef7412dae09c04ce3ba03169f2a05,CVE-2026-3784,curl,8.14.1-2+deb13u2,,Medium,CWE-305,"{""CVSS"": {""redhat"": {""V3Score"": 6.5, ""V3Vector"": ""CVSS:3.1/AV:N/AC:L/PR:L/UI:N/S:U/C:H/I:N/A:N""}}}",Trivy
library/golang,sha256:2af0a96902abbe2f6c14d2e4beb9180d14bd9c406e605da8a472a6dae409995c,CVE-2025-4673,stdlib,v1.22.12,"1.23.10, 1.24.4",Medium,,"{""CVSS"": {""redhat"": {""V3Score"": 6.8, ""V3Vector"": ""CVSS:3.1/AV:N/AC:H/PR:N/UI:N/S:C/C:H/I:N/A:N""}, ""bitnami"": {""V3Score"": 6.8, ""V3Vector"": ""CVSS:3.1/AV:N/AC:H/PR:N/UI:N/S:C/C:H/I:N/A:N""}}}",Trivy
library/golang,sha256:2af0a96902abbe2f6c14d2e4beb9180d14bd9c406e605da8a472a6dae409995c,CVE-2025-9230,libcrypto3,3.3.2-r4,3.3.5-r0,Medium,"CWE-125,CWE-787","{""CVSS"": {""redhat"": {""V3Score"": 5.6, ""V3Vector"": ""CVSS:3.1/AV:N/AC:H/PR:N/UI:N/S:U/C:L/I:L/A:L""}}}",Trivy
library/nginx,sha256:86d1d130d9ed716b96c63669f19ca4b67d7ef7412dae09c04ce3ba03169f2a05,CVE-2026-5704,tar,1.35+dfsg-3.1,,Medium,CWE-434,"{""CVSS"": {""redhat"": {""V3Score"": 5, ""V3Vector"": ""CVSS:3.1/AV:L/AC:L/PR:L/UI:R/S:U/C:N/I:H/A:N""}}}",Trivy
library/lmhinnel/flappy,sha256:79f3d67a6fa16be7d9e108aa4ae123a436f54f83b4a413f63862a75be4f78b97,CVE-2026-33672,picomatch,4.0.3,"4.0.4, 3.0.2, 2.3.2",Medium,CWE-1321,"{""CVSS"": {""ghsa"": {""V3Score"": 5.3, ""V3Vector"": ""CVSS:3.1/AV:N/AC:L/PR:N/UI:N/S:U/C:N/I:L/A:N""}, ""redhat"": {""V3Score"": 5.3, ""V3Vector"": ""CVSS:3.1/AV:N/AC:L/PR:N/UI:N/S:U/C:N/I:L/A:N""}}}",Trivy
library/nginx,sha256:86d1d130d9ed716b96c63669f19ca4b67d7ef7412dae09c04ce3ba03169f2a05,CVE-2018-6829,libgcrypt20,1.11.0-7,,Low,CWE-327,"{""CVSS"": {""nvd"": {""V2Score"": 5, ""V3Score"": 7.5, ""V2Vector"": ""AV:N/AC:L/Au:N/C:P/I:N/A:N"", ""V3Vector"": ""CVSS:3.0/AV:N/AC:L/PR:N/UI:N/S:U/C:H/I:N/A:N""}, ""redhat"": {""V3Score"": 5.3, ""V3Vector"": ""CVSS:3.0/AV:N/AC:L/PR:N/UI:N/S:U/C:L/I:N/A:N""}}}",Trivy
library/nginx,sha256:86d1d130d9ed716b96c63669f19ca4b67d7ef7412dae09c04ce3ba03169f2a05,CVE-2018-20796,libc-bin,2.41-12+deb13u2,,Low,CWE-674,"{""CVSS"": {""nvd"": {""V2Score"": 5, ""V3Score"": 7.5, ""V2Vector"": ""AV:N/AC:L/Au:N/C:N/I:N/A:P"", ""V3Vector"": ""CVSS:3.0/AV:N/AC:L/PR:N/UI:N/S:U/C:N/I:N/A:H""}, ""redhat"": {""V3Score"": 5.3, ""V3Vector"": ""CVSS:3.0/AV:N/AC:L/PR:N/UI:N/S:U/C:N/I:N/A:L""}}}",Trivy
library/nginx,sha256:86d1d130d9ed716b96c63669f19ca4b67d7ef7412dae09c04ce3ba03169f2a05,CVE-2026-25210,libexpat1,2.7.1-2,,High,CWE-190,"{""CVSS"": {""nvd"": {""V3Score"": 7.8, ""V3Vector"": ""CVSS:3.1/AV:L/AC:L/PR:L/UI:N/S:U/C:H/I:H/A:H""}, ""redhat"": {""V3Score"": 6.9, ""V3Vector"": ""CVSS:3.1/AV:L/AC:H/PR:N/UI:N/S:U/C:H/I:H/A:L""}}}",Trivy
library/golang,sha256:2af0a96902abbe2f6c14d2e4beb9180d14bd9c406e605da8a472a6dae409995c,CVE-2025-15467,libcrypto3,3.3.2-r4,3.3.6-r0,Critical,CWE-787,"{""CVSS"": {""redhat"": {""V3Score"": 9.8, ""V3Vector"": ""CVSS:3.1/AV:N/AC:L/PR:N/UI:N/S:U/C:H/I:H/A:H""}}}",Trivy
library/nginx,sha256:86d1d130d9ed716b96c63669f19ca4b67d7ef7412dae09c04ce3ba03169f2a05,CVE-2022-0563,liblastlog2-2,2.41-5,,Low,CWE-209,"{""CVSS"": {""nvd"": {""V2Score"": 1.9, ""V3Score"": 5.5, ""V2Vector"": ""AV:L/AC:M/Au:N/C:P/I:N/A:N"", ""V3Vector"": ""CVSS:3.1/AV:L/AC:L/PR:L/UI:N/S:U/C:H/I:N/A:N""}, ""redhat"": {""V3Score"": 5.5, ""V3Vector"": ""CVSS:3.1/AV:L/AC:L/PR:L/UI:N/S:U/C:H/I:N/A:N""}}}",Trivy
library/nginx,sha256:86d1d130d9ed716b96c63669f19ca4b67d7ef7412dae09c04ce3ba03169f2a05,CVE-2019-1010023,libc-bin,2.41-12+deb13u2,,Low,,"{""CVSS"": {""nvd"": {""V2Score"": 6.8, ""V3Score"": 8.8, ""V2Vector"": ""AV:N/AC:M/Au:N/C:P/I:P/A:P"", ""V3Vector"": ""CVSS:3.0/AV:N/AC:L/PR:N/UI:R/S:U/C:H/I:H/A:H""}, ""redhat"": {""V3Score"": 7.8, ""V3Vector"": ""CVSS:3.0/AV:L/AC:L/PR:N/UI:R/S:U/C:H/I:H/A:H""}}}",Trivy
library/nginx,sha256:86d1d130d9ed716b96c63669f19ca4b67d7ef7412dae09c04ce3ba03169f2a05,CVE-2026-28388,openssl-provider-legacy,3.5.5-1~deb13u1,3.5.5-1~deb13u2,Low,CWE-476,,Trivy
library/golang,sha256:2af0a96902abbe2f6c14d2e4beb9180d14bd9c406e605da8a472a6dae409995c,CVE-2025-9232,libcrypto3,3.3.2-r4,3.3.5-r0,Low,CWE-125,"{""CVSS"": {""redhat"": {""V3Score"": 3.1, ""V3Vector"": ""CVSS:3.1/AV:N/AC:H/PR:N/UI:R/S:U/C:N/I:N/A:L""}}}",Trivy
library/nginx,sha256:86d1d130d9ed716b96c63669f19ca4b67d7ef7412dae09c04ce3ba03169f2a05,CVE-2026-1757,libxml2,2.12.7+dfsg+really2.9.14-2.1+deb13u2,,Low,CWE-401,"{""CVSS"": {""redhat"": {""V3Score"": 6.2, ""V3Vector"": ""CVSS:3.1/AV:L/AC:L/PR:N/UI:N/S:U/C:N/I:N/A:H""}}}",Trivy
library/nginx,sha256:86d1d130d9ed716b96c63669f19ca4b67d7ef7412dae09c04ce3ba03169f2a05,CVE-2026-3184,libsmartcols1,2.41-5,,Low,CWE-289,"{""CVSS"": {""redhat"": {""V3Score"": 3.7, ""V3Vector"": ""CVSS:3.1/AV:N/AC:H/PR:N/UI:N/S:U/C:N/I:L/A:N""}}}",Trivy
library/golang,sha256:2af0a96902abbe2f6c14d2e4beb9180d14bd9c406e605da8a472a6dae409995c,CVE-2026-28387,libssl3,3.3.2-r4,3.3.7-r0,Low,CWE-416,,Trivy
library/nginx,sha256:86d1d130d9ed716b96c63669f19ca4b67d7ef7412dae09c04ce3ba03169f2a05,CVE-2017-16232,libtiff6,4.7.0-3+deb13u1,,Low,CWE-772,"{""CVSS"": {""nvd"": {""V2Score"": 5, ""V3Score"": 7.5, ""V2Vector"": ""AV:N/AC:L/Au:N/C:N/I:N/A:P"", ""V3Vector"": ""CVSS:3.0/AV:N/AC:L/PR:N/UI:N/S:U/C:N/I:N/A:H""}, ""redhat"": {""V3Score"": 3.3, ""V3Vector"": ""CVSS:3.0/AV:L/AC:L/PR:N/UI:R/S:U/C:N/I:N/A:L""}}}",Trivy
library/lmhinnel/flappy,sha256:79f3d67a6fa16be7d9e108aa4ae123a436f54f83b4a413f63862a75be4f78b97,CVE-2025-45582,tar,1.35+dfsg-3build1,,Medium,CWE-24,"{""CVSS"": {""redhat"": {""V3Score"": 5.6, ""V3Vector"": ""CVSS:3.1/AV:N/AC:H/PR:N/UI:N/S:U/C:L/I:L/A:L""}}}",Trivy
library/golang,sha256:2af0a96902abbe2f6c14d2e4beb9180d14bd9c406e605da8a472a6dae409995c,CVE-2025-69418,libcrypto3,3.3.2-r4,3.3.6-r0,Medium,CWE-325,"{""CVSS"": {""redhat"": {""V3Score"": 4, ""V3Vector"": ""CVSS:3.1/AV:L/AC:H/PR:N/UI:N/S:U/C:L/I:L/A:N""}}}",Trivy
library/lmhinnel/flappy,sha256:79f3d67a6fa16be7d9e108aa4ae123a436f54f83b4a413f63862a75be4f78b97,CVE-2025-66382,libexpat1,2.6.1-2ubuntu0.4,,Medium,CWE-407,"{""CVSS"": {""nvd"": {""V3Score"": 5.5, ""V3Vector"": ""CVSS:3.1/AV:L/AC:L/PR:N/UI:R/S:U/C:N/I:N/A:H""}, ""redhat"": {""V3Score"": 2.9, ""V3Vector"": ""CVSS:3.1/AV:L/AC:H/PR:N/UI:N/S:U/C:N/I:N/A:L""}}}",Trivy
library/golang,sha256:2af0a96902abbe2f6c14d2e4beb9180d14bd9c406e605da8a472a6dae409995c,CVE-2025-61728,stdlib,v1.22.12,"1.24.12, 1.25.6",High,CWE-770,"{""CVSS"": {""redhat"": {""V3Score"": 7.5, ""V3Vector"": ""CVSS:3.1/AV:N/AC:L/PR:N/UI:N/S:U/C:N/I:N/A:H""}, ""bitnami"": {""V3Score"": 6.5, ""V3Vector"": ""CVSS:3.1/AV:N/AC:L/PR:N/UI:R/S:U/C:N/I:N/A:H""}}}",Trivy
library/nginx,sha256:86d1d130d9ed716b96c63669f19ca4b67d7ef7412dae09c04ce3ba03169f2a05,CVE-2018-5709,libkrb5support0,1.21.3-5,,Low,CWE-190,"{""CVSS"": {""nvd"": {""V2Score"": 5, ""V3Score"": 7.5, ""V2Vector"": ""AV:N/AC:L/Au:N/C:N/I:P/A:N"", ""V3Vector"": ""CVSS:3.0/AV:N/AC:L/PR:N/UI:N/S:U/C:N/I:H/A:N""}, ""redhat"": {""V3Score"": 6.3, ""V3Vector"": ""CVSS:3.0/AV:N/AC:L/PR:L/UI:N/S:U/C:L/I:L/A:L""}}}",Trivy
library/nginx,sha256:86d1d130d9ed716b96c63669f19ca4b67d7ef7412dae09c04ce3ba03169f2a05,CVE-2026-4046,libc-bin,2.41-12+deb13u2,,Medium,CWE-617,"{""CVSS"": {""redhat"": {""V3Score"": 5.3, ""V3Vector"": ""CVSS:3.1/AV:N/AC:L/PR:N/UI:N/S:U/C:N/I:N/A:L""}}}",Trivy
library/nginx,sha256:86d1d130d9ed716b96c63669f19ca4b67d7ef7412dae09c04ce3ba03169f2a05,CVE-2024-26461,libkrb5-3,1.21.3-5,,Low,CWE-770,"{""CVSS"": {""redhat"": {""V3Score"": 5.9, ""V3Vector"": ""CVSS:3.1/AV:N/AC:H/PR:N/UI:N/S:U/C:N/I:N/A:H""}}}",Trivy
library/lmhinnel/flappy,sha256:79f3d67a6fa16be7d9e108aa4ae123a436f54f83b4a413f63862a75be4f78b97,CVE-2026-33810,stdlib,v1.26.1,1.26.2,Unknown,,,Trivy
library/golang,sha256:2af0a96902abbe2f6c14d2e4beb9180d14bd9c406e605da8a472a6dae409995c,CVE-2026-28390,libcrypto3,3.3.2-r4,3.3.7-r0,High,CWE-476,"{""CVSS"": {""redhat"": {""V3Score"": 7.5, ""V3Vector"": ""CVSS:3.1/AV:N/AC:L/PR:N/UI:N/S:U/C:N/I:N/A:H""}}}",Trivy
library/nginx,sha256:86d1d130d9ed716b96c63669f19ca4b67d7ef7412dae09c04ce3ba03169f2a05,CVE-2026-4437,libc6,2.41-12+deb13u2,,Medium,CWE-125,"{""CVSS"": {""redhat"": {""V3Score"": 6.5, ""V3Vector"": ""CVSS:3.1/AV:N/AC:L/PR:N/UI:N/S:U/C:N/I:L/A:L""}}}",Trivy
library/nginx,sha256:86d1d130d9ed716b96c63669f19ca4b67d7ef7412dae09c04ce3ba03169f2a05,CVE-2025-61145,libtiff6,4.7.0-3+deb13u1,,Low,CWE-415,"{""CVSS"": {""nvd"": {""V3Score"": 5, ""V3Vector"": ""CVSS:3.1/AV:L/AC:L/PR:L/UI:R/S:U/C:N/I:N/A:H""}, ""redhat"": {""V3Score"": 5, ""V3Vector"": ""CVSS:3.1/AV:L/AC:L/PR:L/UI:R/S:U/C:N/I:N/A:H""}}}",Trivy
library/golang,sha256:2af0a96902abbe2f6c14d2e4beb9180d14bd9c406e605da8a472a6dae409995c,CVE-2025-61723,stdlib,v1.22.12,"1.24.8, 1.25.2",Medium,CWE-770,"{""CVSS"": {""redhat"": {""V3Score"": 5.3, ""V3Vector"": ""CVSS:3.1/AV:N/AC:L/PR:N/UI:N/S:U/C:N/I:N/A:L""}, ""bitnami"": {""V3Score"": 7.5, ""V3Vector"": ""CVSS:3.1/AV:N/AC:L/PR:N/UI:N/S:U/C:N/I:N/A:H""}}}",Trivy
library/golang,sha256:2af0a96902abbe2f6c14d2e4beb9180d14bd9c406e605da8a472a6dae409995c,CVE-2025-69420,libcrypto3,3.3.2-r4,3.3.6-r0,Medium,CWE-754,"{""CVSS"": {""redhat"": {""V3Score"": 5.9, ""V3Vector"": ""CVSS:3.1/AV:N/AC:H/PR:N/UI:N/S:U/C:N/I:N/A:H""}}}",Trivy
library/lmhinnel/flappy,sha256:79f3d67a6fa16be7d9e108aa4ae123a436f54f83b4a413f63862a75be4f78b97,CVE-2026-34165,github.com/go-git/go-git/v5,v5.17.0,5.17.1,Medium,"CWE-191,CWE-770","{""CVSS"": {""ghsa"": {""V3Score"": 5, ""V3Vector"": ""CVSS:3.1/AV:L/AC:L/PR:L/UI:R/S:U/C:N/I:N/A:H""}, ""redhat"": {""V3Score"": 5, ""V3Vector"": ""CVSS:3.1/AV:L/AC:L/PR:L/UI:R/S:U/C:N/I:N/A:H""}}}",Trivy
library/nginx,sha256:86d1d130d9ed716b96c63669f19ca4b67d7ef7412dae09c04ce3ba03169f2a05,CVE-2026-4046,libc6,2.41-12+deb13u2,,Medium,CWE-617,"{""CVSS"": {""redhat"": {""V3Score"": 5.3, ""V3Vector"": ""CVSS:3.1/AV:N/AC:L/PR:N/UI:N/S:U/C:N/I:N/A:L""}}}",Trivy
library/lmhinnel/flappy,sha256:79f3d67a6fa16be7d9e108aa4ae123a436f54f83b4a413f63862a75be4f78b97,CVE-2026-32289,stdlib,v1.26.1,"1.25.9, 1.26.2",Medium,,"{""CVSS"": {""redhat"": {""V3Score"": 5.4, ""V3Vector"": ""CVSS:3.1/AV:N/AC:L/PR:N/UI:R/S:U/C:L/I:L/A:N""}}}",Trivy
library/nginx,sha256:86d1d130d9ed716b96c63669f19ca4b67d7ef7412dae09c04ce3ba03169f2a05,CVE-2019-9192,libc-bin,2.41-12+deb13u2,,Low,CWE-674,"{""CVSS"": {""nvd"": {""V2Score"": 5, ""V3Score"": 7.5, ""V2Vector"": ""AV:N/AC:L/Au:N/C:N/I:N/A:P"", ""V3Vector"": ""CVSS:3.0/AV:N/AC:L/PR:N/UI:N/S:U/C:N/I:N/A:H""}, ""redhat"": {""V3Score"": 2.8, ""V3Vector"": ""CVSS:3.0/AV:L/AC:L/PR:L/UI:R/S:U/C:N/I:N/A:L""}}}",Trivy
library/nginx,sha256:86d1d130d9ed716b96c63669f19ca4b67d7ef7412dae09c04ce3ba03169f2a05,CVE-2025-8534,libtiff6,4.7.0-3+deb13u1,,Low,"CWE-404,CWE-476","{""CVSS"": {""redhat"": {""V3Score"": 2.5, ""V3Vector"": ""CVSS:3.1/AV:L/AC:H/PR:L/UI:N/S:U/C:N/I:N/A:L""}}}",Trivy
library/nginx,sha256:86d1d130d9ed716b96c63669f19ca4b67d7ef7412dae09c04ce3ba03169f2a05,CVE-2026-24515,libexpat1,2.7.1-2,,Low,CWE-476,"{""CVSS"": {""nvd"": {""V3Score"": 2.5, ""V3Vector"": ""CVSS:3.1/AV:L/AC:H/PR:L/UI:N/S:U/C:N/I:N/A:L""}, ""redhat"": {""V3Score"": 2.9, ""V3Vector"": ""CVSS:3.1/AV:L/AC:H/PR:N/UI:N/S:U/C:N/I:N/A:L""}}}",Trivy
library/golang,sha256:2af0a96902abbe2f6c14d2e4beb9180d14bd9c406e605da8a472a6dae409995c,CVE-2025-15468,libcrypto3,3.3.2-r4,3.3.6-r0,Medium,CWE-476,"{""CVSS"": {""redhat"": {""V3Score"": 5.9, ""V3Vector"": ""CVSS:3.1/AV:N/AC:H/PR:N/UI:N/S:U/C:N/I:N/A:H""}}}",Trivy
library/golang,sha256:2af0a96902abbe2f6c14d2e4beb9180d14bd9c406e605da8a472a6dae409995c,CVE-2025-58188,stdlib,v1.22.12,"1.24.8, 1.25.2",Medium,CWE-295,"{""CVSS"": {""redhat"": {""V3Score"": 5.3, ""V3Vector"": ""CVSS:3.1/AV:N/AC:L/PR:N/UI:N/S:U/C:N/I:N/A:L""}, ""bitnami"": {""V3Score"": 7.5, ""V3Vector"": ""CVSS:3.1/AV:N/AC:L/PR:N/UI:N/S:U/C:N/I:N/A:H""}}}",Trivy
library/lmhinnel/flappy,sha256:79f3d67a6fa16be7d9e108aa4ae123a436f54f83b4a413f63862a75be4f78b97,CVE-2026-31802,tar,7.5.7,7.5.11,High,CWE-22,"{""CVSS"": {""nvd"": {""V3Score"": 5.5, ""V3Vector"": ""CVSS:3.1/AV:L/AC:L/PR:L/UI:N/S:U/C:N/I:H/A:N""}, ""ghsa"": {}, ""redhat"": {""V3Score"": 6.2, ""V3Vector"": ""CVSS:3.1/AV:L/AC:L/PR:N/UI:N/S:U/C:N/I:H/A:N""}}}",Trivy
library/lmhinnel/flappy,sha256:79f3d67a6fa16be7d9e108aa4ae123a436f54f83b4a413f63862a75be4f78b97,CVE-2026-31789,libssl3t64,3.0.13-0ubuntu3.7,3.0.13-0ubuntu3.9,Low,CWE-787,,Trivy
library/nginx,sha256:86d1d130d9ed716b96c63669f19ca4b67d7ef7412dae09c04ce3ba03169f2a05,CVE-2025-59375,libexpat1,2.7.1-2,,Medium,CWE-770,"{""CVSS"": {""redhat"": {""V3Score"": 5.3, ""V3Vector"": ""CVSS:3.1/AV:N/AC:L/PR:N/UI:N/S:U/C:N/I:N/A:L""}}}",Trivy
library/golang,sha256:2af0a96902abbe2f6c14d2e4beb9180d14bd9c406e605da8a472a6dae409995c,CVE-2024-13176,libssl3,3.3.2-r4,3.3.2-r5,Medium,CWE-385,"{""CVSS"": {""redhat"": {""V3Score"": 4.7, ""V3Vector"": ""CVSS:3.1/AV:L/AC:H/PR:L/UI:N/S:U/C:H/I:N/A:N""}}}",Trivy
library/nginx,sha256:86d1d130d9ed716b96c63669f19ca4b67d7ef7412dae09c04ce3ba03169f2a05,CVE-2025-66382,libexpat1,2.7.1-2,,Medium,CWE-407,"{""CVSS"": {""nvd"": {""V3Score"": 5.5, ""V3Vector"": ""CVSS:3.1/AV:L/AC:L/PR:N/UI:R/S:U/C:N/I:N/A:H""}, ""redhat"": {""V3Score"": 2.9, ""V3Vector"": ""CVSS:3.1/AV:L/AC:H/PR:N/UI:N/S:U/C:N/I:N/A:L""}}}",Trivy
library/nginx,sha256:86d1d130d9ed716b96c63669f19ca4b67d7ef7412dae09c04ce3ba03169f2a05,CVE-2025-14104,libblkid1,2.41-5,,Low,CWE-125,"{""CVSS"": {""redhat"": {""V3Score"": 6.1, ""V3Vector"": ""CVSS:3.1/AV:L/AC:L/PR:L/UI:N/S:U/C:L/I:N/A:H""}}}",Trivy
library/nginx,sha256:86d1d130d9ed716b96c63669f19ca4b67d7ef7412dae09c04ce3ba03169f2a05,CVE-2024-2236,libgcrypt20,1.11.0-7,,Low,CWE-385,"{""CVSS"": {""redhat"": {""V3Score"": 5.9, ""V3Vector"": ""CVSS:3.1/AV:N/AC:H/PR:N/UI:N/S:U/C:H/I:N/A:N""}}}",Trivy
library/nginx,sha256:86d1d130d9ed716b96c63669f19ca4b67d7ef7412dae09c04ce3ba03169f2a05,CVE-2026-40225,libsystemd0,257.9-1~deb13u1,,Unknown,CWE-669,,Trivy
library/nginx,sha256:86d1d130d9ed716b96c63669f19ca4b67d7ef7412dae09c04ce3ba03169f2a05,CVE-2026-40226,libsystemd0,257.9-1~deb13u1,,Unknown,CWE-348,,Trivy
library/golang,sha256:2af0a96902abbe2f6c14d2e4beb9180d14bd9c406e605da8a472a6dae409995c,CVE-2025-69421,libcrypto3,3.3.2-r4,3.3.6-r0,High,CWE-476,"{""CVSS"": {""nvd"": {""V3Score"": 7.5, ""V3Vector"": ""CVSS:3.1/AV:N/AC:L/PR:N/UI:N/S:U/C:N/I:N/A:H""}, ""redhat"": {""V3Score"": 6.5, ""V3Vector"": ""CVSS:3.1/AV:N/AC:L/PR:N/UI:R/S:U/C:N/I:N/A:H""}}}",Trivy
library/nginx,sha256:86d1d130d9ed716b96c63669f19ca4b67d7ef7412dae09c04ce3ba03169f2a05,TEMP-0517018-A83CE6,sysvinit-utils,3.14-4,,Low,,,Trivy
library/nginx,sha256:86d1d130d9ed716b96c63669f19ca4b67d7ef7412dae09c04ce3ba03169f2a05,CVE-2024-26458,libgssapi-krb5-2,1.21.3-5,,Low,CWE-401,"{""CVSS"": {""redhat"": {""V3Score"": 5.9, ""V3Vector"": ""CVSS:3.1/AV:N/AC:H/PR:N/UI:N/S:U/C:N/I:N/A:H""}}}",Trivy
library/nginx,sha256:86d1d130d9ed716b96c63669f19ca4b67d7ef7412dae09c04ce3ba03169f2a05,CVE-2013-4392,libudev1,257.9-1~deb13u1,,Low,CWE-59,"{""CVSS"": {""nvd"": {""V2Score"": 3.3, ""V2Vector"": ""AV:L/AC:M/Au:N/C:P/I:P/A:N""}, ""redhat"": {""V2Score"": 3.3, ""V2Vector"": ""AV:L/AC:M/Au:N/C:P/I:P/A:N""}}}",Trivy
library/golang,sha256:2af0a96902abbe2f6c14d2e4beb9180d14bd9c406e605da8a472a6dae409995c,CVE-2026-27139,stdlib,v1.22.12,"1.25.8, 1.26.1",Low,,"{""CVSS"": {""redhat"": {""V3Score"": 2.5, ""V3Vector"": ""CVSS:3.1/AV:L/AC:H/PR:L/UI:N/S:U/C:L/I:N/A:N""}, ""bitnami"": {""V3Score"": 2.5, ""V3Vector"": ""CVSS:3.1/AV:L/AC:H/PR:L/UI:N/S:U/C:L/I:N/A:N""}}}",Trivy
library/nginx,sha256:86d1d130d9ed716b96c63669f19ca4b67d7ef7412dae09c04ce3ba03169f2a05,CVE-2026-1965,curl,8.14.1-2+deb13u2,,Medium,CWE-305,"{""CVSS"": {""redhat"": {""V3Score"": 6.8, ""V3Vector"": ""CVSS:3.1/AV:N/AC:H/PR:L/UI:N/S:U/C:H/I:H/A:N""}}}",Trivy
library/nginx,sha256:86d1d130d9ed716b96c63669f19ca4b67d7ef7412dae09c04ce3ba03169f2a05,CVE-2019-1010024,libc-bin,2.41-12+deb13u2,,Low,CWE-200,"{""CVSS"": {""nvd"": {""V2Score"": 5, ""V3Score"": 5.3, ""V2Vector"": ""AV:N/AC:L/Au:N/C:P/I:N/A:N"", ""V3Vector"": ""CVSS:3.0/AV:N/AC:L/PR:N/UI:N/S:U/C:L/I:N/A:N""}, ""redhat"": {""V3Score"": 5.3, ""V3Vector"": ""CVSS:3.0/AV:N/AC:L/PR:N/UI:N/S:U/C:L/I:N/A:N""}}}",Trivy
library/golang,sha256:2af0a96902abbe2f6c14d2e4beb9180d14bd9c406e605da8a472a6dae409995c,CVE-2026-28389,libcrypto3,3.3.2-r4,3.3.7-r0,Low,CWE-476,,Trivy
library/nginx,sha256:86d1d130d9ed716b96c63669f19ca4b67d7ef7412dae09c04ce3ba03169f2a05,CVE-2025-14104,util-linux,2.41-5,,Low,CWE-125,"{""CVSS"": {""redhat"": {""V3Score"": 6.1, ""V3Vector"": ""CVSS:3.1/AV:L/AC:L/PR:L/UI:N/S:U/C:L/I:N/A:H""}}}",Trivy
library/golang,sha256:2af0a96902abbe2f6c14d2e4beb9180d14bd9c406e605da8a472a6dae409995c,CVE-2025-61724,stdlib,v1.22.12,"1.24.8, 1.25.2",Medium,CWE-770,"{""CVSS"": {""redhat"": {""V3Score"": 5.3, ""V3Vector"": ""CVSS:3.1/AV:N/AC:L/PR:N/UI:N/S:U/C:N/I:N/A:L""}, ""bitnami"": {""V3Score"": 5.3, ""V3Vector"": ""CVSS:3.1/AV:N/AC:L/PR:N/UI:N/S:U/C:N/I:N/A:L""}}}",Trivy
library/golang,sha256:2af0a96902abbe2f6c14d2e4beb9180d14bd9c406e605da8a472a6dae409995c,CVE-2026-28390,libssl3,3.3.2-r4,3.3.7-r0,High,CWE-476,"{""CVSS"": {""redhat"": {""V3Score"": 7.5, ""V3Vector"": ""CVSS:3.1/AV:N/AC:L/PR:N/UI:N/S:U/C:N/I:N/A:H""}}}",Trivy
library/nginx,sha256:86d1d130d9ed716b96c63669f19ca4b67d7ef7412dae09c04ce3ba03169f2a05,CVE-2005-2541,tar,1.35+dfsg-3.1,,Low,,"{""CVSS"": {""nvd"": {""V2Score"": 10, ""V2Vector"": ""AV:N/AC:L/Au:N/C:C/I:C/A:C""}, ""redhat"": {""V3Score"": 7, ""V3Vector"": ""CVSS:3.1/AV:L/AC:H/PR:N/UI:R/S:U/C:H/I:H/A:H""}}}",Trivy
library/nginx,sha256:86d1d130d9ed716b96c63669f19ca4b67d7ef7412dae09c04ce3ba03169f2a05,CVE-2018-5709,libk5crypto3,1.21.3-5,,Low,CWE-190,"{""CVSS"": {""nvd"": {""V2Score"": 5, ""V3Score"": 7.5, ""V2Vector"": ""AV:N/AC:L/Au:N/C:N/I:P/A:N"", ""V3Vector"": ""CVSS:3.0/AV:N/AC:L/PR:N/UI:N/S:U/C:N/I:H/A:N""}, ""redhat"": {""V3Score"": 6.3, ""V3Vector"": ""CVSS:3.0/AV:N/AC:L/PR:L/UI:N/S:U/C:L/I:L/A:L""}}}",Trivy
library/nginx,sha256:86d1d130d9ed716b96c63669f19ca4b67d7ef7412dae09c04ce3ba03169f2a05,CVE-2025-14524,libcurl4t64,8.14.1-2+deb13u2,,Medium,CWE-601,"{""CVSS"": {""redhat"": {""V3Score"": 6.5, ""V3Vector"": ""CVSS:3.1/AV:N/AC:L/PR:N/UI:R/S:U/C:H/I:N/A:N""}}}",Trivy
library/nginx,sha256:86d1d130d9ed716b96c63669f19ca4b67d7ef7412dae09c04ce3ba03169f2a05,CVE-2026-4437,libc-bin,2.41-12+deb13u2,,Medium,CWE-125,"{""CVSS"": {""redhat"": {""V3Score"": 6.5, ""V3Vector"": ""CVSS:3.1/AV:N/AC:L/PR:N/UI:N/S:U/C:N/I:L/A:L""}}}",Trivy
library/golang,sha256:2af0a96902abbe2f6c14d2e4beb9180d14bd9c406e605da8a472a6dae409995c,CVE-2026-28388,libssl3,3.3.2-r4,3.3.7-r0,Low,CWE-476,,Trivy
library/golang,sha256:2af0a96902abbe2f6c14d2e4beb9180d14bd9c406e605da8a472a6dae409995c,CVE-2025-47907,stdlib,v1.22.12,"1.23.12, 1.24.6",High,CWE-362,"{""CVSS"": {""redhat"": {""V3Score"": 7, ""V3Vector"": ""CVSS:3.1/AV:N/AC:H/PR:N/UI:N/S:U/C:H/I:L/A:L""}, ""bitnami"": {""V3Score"": 7, ""V3Vector"": ""CVSS:3.1/AV:N/AC:H/PR:N/UI:N/S:U/C:H/I:L/A:L""}}}",Trivy
library/lmhinnel/flappy,sha256:79f3d67a6fa16be7d9e108aa4ae123a436f54f83b4a413f63862a75be4f78b97,CVE-2026-32283,stdlib,1.26.1,"1.25.9, 1.26.2",Unknown,,,Trivy
